time	se1	tm1	se2	tm2	se3	tm3	se4	tm4	se5	tm5	tmp
16:41:10	0.0	0.0	1.09	0.0	0.0	0.0	0.0	0.0	0.0	0.0	0.0
16:41:10	0.0	0.0	1.09	0.0	1.31	0.0	0.0	0.0	0.0	0.0	0.0
16:41:10	0.0	0.0	1.09	0.0	1.31	0.0	0.0	0.0	0.0	0.0	0.0
16:41:10	0.0	0.0	1.09	0.0	1.31	0.0	0.0	0.0	0.0	0.0	0.0
16:41:10	0.0	0.0	1.09	0.0	1.31	0.0	0.0	0.0	0.0	0.0	0.0
16:41:10	0.0	0.0	1.09	0.0	1.31	0.0	0.0	0.0	0.0	0.0	0.0
16:41:11	0.0	0.0	1.09	0.0	1.31	0.0	0.0	0.0	0.0	0.0	0.0
16:41:11	0.0	0.0	1.09	0.0	1.31	0.0	0.0	0.0	0.0	0.0	0.0
16:41:11	0.0	0.0	1.09	0.0	1.31	0.0	0.0	0.0	0.0	0.0	0.0
16:41:11	0.0	0.0	1.09	0.0	1.3	0.0	0.0	0.0	0.0	0.0	0.0
16:41:11	0.0	0.0	1.09	0.0	1.3	0.0	0.0	0.0	0.0	0.0	0.0
16:41:11	0.0	0.0	1.09	0.0	1.3	0.0	0.0	0.0	0.0	0.0	0.0
16:41:12	0.0	0.0	1.09	0.0	1.3	0.0	0.0	0.0	0.0	0.0	0.0
16:41:12	0.0	0.0	1.09	0.0	1.31	0.0	0.0	0.0	0.0	0.0	0.0
16:41:12	0.0	0.0	1.09	0.0	1.31	0.0	0.0	0.0	0.0	0.0	0.0
16:41:12	0.0	0.0	1.09	0.0	1.31	0.0	0.0	0.0	0.0	0.0	0.0
16:41:12	0.0	0.0	1.09	0.0	1.31	0.0	0.0	0.0	0.0	0.0	0.0
16:41:12	0.0	0.0	1.09	0.0	1.3	0.0	0.0	0.0	0.0	0.0	0.0
16:41:13	0.0	0.0	1.08	0.0	1.3	0.0	0.0	0.0	0.0	0.0	0.0
16:41:13	0.0	0.0	1.08	0.0	1.3	0.0	0.0	0.0	0.0	0.0	0.0
16:41:13	0.0	0.0	1.08	0.0	1.3	0.0	0.0	0.0	0.0	0.0	0.0
16:41:13	0.0	0.0	1.08	0.0	1.3	0.0	0.0	0.0	0.0	0.0	0.0
16:41:13	0.0	0.0	1.07	0.0	1.3	0.0	0.0	0.0	0.0	0.0	0.0
16:41:13	0.0	0.0	1.07	0.0	1.3	0.0	0.0	0.0	0.0	0.0	0.0
16:41:13	0.0	0.0	1.07	0.0	1.3	0.0	0.0	0.0	0.0	0.0	0.0
16:41:14	0.0	0.0	1.07	0.0	1.3	0.0	0.0	0.0	0.0	0.0	0.0
16:41:14	0.0	0.0	1.07	0.0	1.3	0.0	0.0	0.0	0.0	0.0	0.0
16:41:14	0.0	0.0	1.07	0.0	1.3	0.0	0.0	0.0	0.0	0.0	0.0
16:41:14	0.0	0.0	1.07	0.0	1.3	0.0	0.0	0.0	0.0	0.0	0.0
16:41:14	0.0	0.0	1.07	0.0	1.3	0.0	0.0	0.0	0.0	0.0	0.0
16:41:14	0.0	0.0	1.08	0.0	1.3	0.0	0.0	0.0	0.0	0.0	0.0
16:41:14	0.0	0.0	1.08	0.0	1.3	0.0	0.0	0.0	0.0	0.0	0.0
16:41:15	0.0	0.0	1.08	0.0	1.3	0.0	0.0	0.0	0.0	0.0	0.0
16:41:15	0.0	0.0	1.08	0.0	1.3	0.0	0.0	0.0	0.0	0.0	0.0
16:41:15	0.0	0.0	1.07	0.0	1.3	0.0	0.0	0.0	0.0	0.0	0.0
16:41:15	0.0	0.0	1.07	0.0	1.3	0.0	0.0	0.0	0.0	0.0	0.0
16:41:15	0.0	0.0	1.07	0.0	1.3	0.0	0.0	0.0	0.0	0.0	0.0
16:41:15	0.0	0.0	1.07	0.0	1.3	0.0	0.0	0.0	0.0	0.0	0.0
16:41:16	0.0	0.0	1.07	0.0	1.3	0.0	0.0	0.0	0.0	0.0	0.0
16:41:16	0.0	0.0	1.07	0.0	1.3	0.0	0.0	0.0	0.0	0.0	0.0
16:41:16	0.0	0.0	1.07	0.0	1.3	0.0	0.0	0.0	0.0	0.0	0.0
16:41:16	0.0	0.0	1.07	0.0	1.29	0.0	0.0	0.0	0.0	0.0	0.0
16:41:16	0.0	0.0	1.07	0.0	1.29	0.0	0.0	0.0	0.0	0.0	0.0
16:41:16	0.0	0.0	1.07	0.0	1.3	0.0	0.0	0.0	0.0	0.0	0.0
16:41:17	0.0	0.0	1.07	0.0	1.3	0.0	0.0	0.0	0.0	0.0	0.0
16:41:17	0.0	0.0	1.07	0.0	1.29	0.0	0.0	0.0	0.0	0.0	0.0
16:41:17	0.0	0.0	1.06	0.0	1.29	0.0	0.0	0.0	0.0	0.0	0.0
16:41:17	0.0	0.0	1.06	0.0	1.28	0.0	0.0	0.0	0.0	0.0	0.0
16:41:17	0.0	0.0	1.06	0.0	1.28	0.0	0.0	0.0	0.0	0.0	0.0
16:41:17	0.0	0.0	1.06	0.0	1.28	0.0	0.0	0.0	0.0	0.0	0.0
16:41:17	0.0	0.0	1.05	0.0	1.28	0.0	0.0	0.0	0.0	0.0	0.0
16:41:18	0.0	0.0	1.05	0.0	1.29	0.0	0.0	0.0	0.0	0.0	0.0
16:41:18	0.0	0.0	1.05	0.0	1.29	0.0	0.0	0.0	0.0	0.0	0.0
16:41:18	0.0	0.0	1.05	0.0	1.3	0.0	0.0	0.0	0.0	0.0	0.0
16:41:18	0.0	0.0	1.05	0.0	1.3	0.0	0.0	0.0	0.0	0.0	0.0
16:41:18	0.0	0.0	1.05	0.0	1.31	0.0	0.0	0.0	0.0	0.0	0.0
16:41:18	0.0	0.0	1.05	0.0	1.31	0.0	0.0	0.0	0.0	0.0	0.0
16:41:18	0.0	0.0	1.05	0.0	1.31	0.0	0.0	0.0	0.0	0.0	0.0
16:41:19	0.0	0.0	1.04	0.0	1.31	0.0	0.0	0.0	0.0	0.0	0.0
16:41:19	0.0	0.0	1.04	0.0	1.3	0.0	0.0	0.0	0.0	0.0	0.0
16:41:19	0.0	0.0	1.05	0.0	1.3	0.0	0.0	0.0	0.0	0.0	0.0
16:41:19	0.0	0.0	1.05	0.0	1.31	0.0	0.0	0.0	0.0	0.0	0.0
16:41:19	0.0	0.0	1.05	0.0	1.31	0.0	0.0	0.0	0.0	0.0	0.0
16:41:19	0.0	0.0	1.05	0.0	1.31	0.0	0.0	0.0	0.0	0.0	0.0
16:41:20	0.0	0.0	1.05	0.0	1.31	0.0	0.0	0.0	0.0	0.0	0.0
16:41:20	0.0	0.0	1.05	0.0	1.31	0.0	0.0	0.0	0.0	0.0	0.0
16:41:20	0.0	0.0	1.05	0.0	1.31	0.0	0.0	0.0	0.0	0.0	0.0
16:41:20	0.0	0.0	1.05	0.0	1.32	0.0	0.0	0.0	0.0	0.0	0.0
16:41:20	0.0	0.0	1.05	0.0	1.32	0.0	0.0	0.0	0.0	0.0	0.0
16:41:20	0.0	0.0	1.05	0.0	1.32	0.0	0.0	0.0	0.0	0.0	0.0
16:41:20	0.0	0.0	1.05	0.0	1.32	0.0	0.0	0.0	0.0	0.0	0.0
16:41:21	0.0	0.0	1.05	0.0	1.32	0.0	0.0	0.0	0.0	0.0	0.0
16:41:21	0.0	0.0	1.06	0.0	1.32	0.0	0.0	0.0	0.0	0.0	0.0
16:41:21	0.0	0.0	1.06	0.0	1.31	0.0	0.0	0.0	0.0	0.0	0.0
16:41:21	0.0	0.0	1.06	0.0	1.31	0.0	0.0	0.0	0.0	0.0	0.0
16:41:21	0.0	0.0	1.06	0.0	1.31	0.0	0.0	0.0	0.0	0.0	0.0
16:41:21	0.0	0.0	1.05	0.0	1.31	0.0	0.0	0.0	0.0	0.0	0.0
16:41:21	0.0	0.0	1.05	0.0	1.31	0.0	0.0	0.0	0.0	0.0	0.0
16:41:22	0.0	0.0	1.06	0.0	1.31	0.0	0.0	0.0	0.0	0.0	0.0
16:41:22	0.0	0.0	1.06	0.0	1.3	0.0	0.0	0.0	0.0	0.0	0.0
16:41:22	0.0	0.0	1.06	0.0	1.3	0.0	0.0	0.0	0.0	0.0	0.0
16:41:22	0.0	0.0	1.06	0.0	1.3	0.0	0.0	0.0	0.0	0.0	0.0
16:41:22	0.0	0.0	1.06	0.0	1.3	0.0	0.0	0.0	0.0	0.0	0.0
16:41:22	0.0	0.0	1.06	0.0	1.31	0.0	0.0	0.0	0.0	0.0	0.0
16:41:23	0.0	0.0	1.06	0.0	1.31	0.0	0.0	0.0	0.0	0.0	0.0
16:41:23	0.0	0.0	1.06	0.0	1.3	0.0	0.0	0.0	0.0	0.0	0.0
16:41:23	0.0	0.0	1.06	0.0	1.3	0.0	0.0	0.0	0.0	0.0	0.0
16:41:23	0.0	0.0	1.06	0.0	1.3	0.0	0.0	0.0	0.0	0.0	0.0
16:41:23	0.0	0.0	1.05	0.0	1.3	0.0	0.0	0.0	0.0	0.0	0.0
16:41:23	0.0	0.0	1.05	0.0	1.29	0.0	0.0	0.0	0.0	0.0	0.0
16:41:24	0.0	0.0	1.05	0.0	1.29	0.0	0.0	0.0	0.0	0.0	0.0
16:41:24	0.0	0.0	1.05	0.0	1.28	0.0	0.0	0.0	0.0	0.0	0.0
16:41:24	0.0	0.0	1.05	0.0	1.28	0.0	0.0	0.0	0.0	0.0	0.0
16:41:24	0.0	0.0	1.05	0.0	1.28	0.0	0.0	0.0	0.0	0.0	0.0
16:41:24	0.0	0.0	1.05	0.0	1.28	0.0	0.0	0.0	0.0	0.0	0.0
16:41:24	0.0	0.0	1.05	0.0	1.28	0.0	0.0	0.0	0.0	0.0	0.0
16:41:24	0.0	0.0	1.05	0.0	1.28	0.0	0.0	0.0	0.0	0.0	0.0
16:41:24	0.0	0.0	1.05	0.0	1.29	0.0	0.0	0.0	0.0	0.0	0.0
16:41:25	0.0	0.0	1.05	0.0	1.29	0.0	0.0	0.0	0.0	0.0	0.0
16:41:25	0.0	0.0	1.05	0.0	1.28	0.0	0.0	0.0	0.0	0.0	0.0
16:41:25	0.0	0.0	1.05	0.0	1.28	0.0	0.0	0.0	0.0	0.0	0.0
16:41:25	0.0	0.0	1.05	0.0	1.28	0.0	0.0	0.0	0.0	0.0	0.0
16:41:25	0.0	0.0	1.05	0.0	1.28	0.0	0.0	0.0	0.0	0.0	0.0
16:41:25	0.0	0.0	1.05	0.0	1.28	0.0	0.0	0.0	0.0	0.0	0.0
16:41:26	0.0	0.0	1.05	0.0	1.28	0.0	0.0	0.0	0.0	0.0	0.0
16:41:26	0.0	0.0	1.05	0.0	1.28	0.0	0.0	0.0	0.0	0.0	0.0
16:41:26	0.0	0.0	1.05	0.0	1.28	0.0	0.0	0.0	0.0	0.0	0.0
16:41:26	0.0	0.0	1.05	0.0	1.27	0.0	0.0	0.0	0.0	0.0	0.0
16:41:26	0.0	0.0	1.05	0.0	1.27	0.0	0.0	0.0	0.0	0.0	0.0
16:41:26	0.0	0.0	1.05	0.0	1.27	0.0	0.0	0.0	0.0	0.0	0.0
16:41:27	0.0	0.0	1.05	0.0	1.27	0.0	0.0	0.0	0.0	0.0	0.0
16:41:27	0.0	0.0	1.05	0.0	1.28	0.0	0.0	0.0	0.0	0.0	0.0
16:41:27	0.0	0.0	1.05	0.0	1.28	0.0	0.0	0.0	0.0	0.0	0.0
16:41:27	0.0	0.0	1.05	0.0	1.29	0.0	0.0	0.0	0.0	0.0	0.0
16:41:27	0.0	0.0	1.05	0.0	1.29	0.0	0.0	0.0	0.0	0.0	0.0
16:41:27	0.0	0.0	1.05	0.0	1.29	0.0	0.0	0.0	0.0	0.0	0.0
16:41:27	0.0	0.0	1.05	0.0	1.29	0.0	0.0	0.0	0.0	0.0	0.0
16:41:28	0.0	0.0	1.05	0.0	1.29	0.0	0.0	0.0	0.0	0.0	0.0
16:41:28	0.0	0.0	1.04	0.0	1.29	0.0	0.0	0.0	0.0	0.0	0.0
16:41:28	0.0	0.0	1.04	0.0	1.29	0.0	0.0	0.0	0.0	0.0	0.0
16:41:28	0.0	0.0	1.04	0.0	1.29	0.0	0.0	0.0	0.0	0.0	0.0
16:41:28	0.0	0.0	1.04	0.0	1.29	0.0	0.0	0.0	0.0	0.0	0.0
16:41:28	0.0	0.0	1.05	0.0	1.29	0.0	0.0	0.0	0.0	0.0	0.0
16:41:28	0.0	0.0	1.05	0.0	1.3	0.0	0.0	0.0	0.0	0.0	0.0
16:49:31	0.0	0.0	1.06	0.0	0.0	0.0	0.0	0.0	0.0	0.0	0.0
16:49:33	0.0	0.0	1.06	0.0	1.29	0.0	0.0	0.0	0.0	0.0	0.0
16:49:33	0.0	0.0	1.06	0.0	1.29	0.0	0.0	0.0	0.0	0.0	0.0
16:49:33	0.0	0.0	1.06	0.0	1.28	0.0	0.0	0.0	0.0	0.0	0.0
16:49:33	0.0	0.0	1.06	0.0	1.28	0.0	0.0	0.0	0.0	0.0	0.0
16:49:33	0.0	0.0	1.06	0.0	1.29	0.0	0.0	0.0	0.0	0.0	0.0
16:49:34	0.0	0.0	1.06	0.0	1.29	0.0	0.0	0.0	0.0	0.0	0.0
16:49:34	0.0	0.0	1.06	0.0	1.3	0.0	0.0	0.0	0.0	0.0	0.0
16:49:34	0.0	0.0	1.05	0.0	1.3	0.0	0.0	0.0	0.0	0.0	0.0
16:49:34	0.0	0.0	1.05	0.0	1.3	0.0	0.0	0.0	0.0	0.0	0.0
16:49:35	0.0	0.0	1.05	0.0	1.3	0.0	0.0	0.0	0.0	0.0	0.0
16:49:35	0.0	0.0	1.05	0.0	1.3	0.0	0.0	0.0	0.0	0.0	0.0
16:49:35	0.0	0.0	1.05	0.0	1.3	0.0	0.0	0.0	0.0	0.0	0.0
16:49:35	0.0	0.0	1.05	0.0	1.3	0.0	0.0	0.0	0.0	0.0	0.0
16:49:35	0.0	0.0	1.05	0.0	1.3	0.0	0.0	0.0	0.0	0.0	0.0
16:49:35	0.0	0.0	1.05	0.0	1.29	0.0	0.0	0.0	0.0	0.0	0.0
16:49:35	0.0	0.0	1.04	0.0	1.29	0.0	0.0	0.0	0.0	0.0	0.0
16:49:35	0.0	0.0	1.04	0.0	1.3	0.0	0.0	0.0	0.0	0.0	0.0
16:49:35	0.0	0.0	1.04	0.0	1.3	0.0	0.0	0.0	0.0	0.0	0.0
16:49:35	0.0	0.0	1.04	0.0	1.3	0.0	0.0	0.0	0.0	0.0	0.0
16:49:35	0.0	0.0	1.05	0.0	1.3	0.0	0.0	0.0	0.0	0.0	0.0
16:49:35	0.0	0.0	1.05	0.0	1.31	0.0	0.0	0.0	0.0	0.0	0.0
16:49:35	0.0	0.0	1.05	0.0	1.31	0.0	0.0	0.0	0.0	0.0	0.0
16:49:35	0.0	0.0	1.05	0.0	1.31	0.0	0.0	0.0	0.0	0.0	0.0
16:49:35	0.0	0.0	1.05	0.0	1.31	0.0	0.0	0.0	0.0	0.0	0.0
16:49:35	0.0	0.0	1.05	0.0	1.32	0.0	0.0	0.0	0.0	0.0	0.0
16:49:35	0.0	0.0	1.05	0.0	1.32	0.0	0.0	0.0	0.0	0.0	0.0
16:49:36	0.0	0.0	1.05	0.0	1.32	0.0	0.0	0.0	0.0	0.0	0.0
16:49:36	0.0	0.0	1.05	0.0	1.32	0.0	0.0	0.0	0.0	0.0	0.0
16:49:36	0.0	0.0	1.05	0.0	1.33	0.0	0.0	0.0	0.0	0.0	0.0
16:49:37	0.0	0.0	1.05	0.0	1.33	0.0	0.0	0.0	0.0	0.0	0.0
16:49:38	0.0	0.0	1.05	0.0	1.33	0.0	0.0	0.0	0.0	0.0	0.0
16:49:38	0.0	0.0	1.05	0.0	1.33	0.0	0.0	0.0	0.0	0.0	0.0
16:49:38	0.0	0.0	1.05	0.0	1.31	0.0	0.0	0.0	0.0	0.0	0.0
16:49:38	0.0	0.0	1.05	0.0	1.31	0.0	0.0	0.0	0.0	0.0	0.0
16:49:38	0.0	0.0	1.05	0.0	1.3	0.0	0.0	0.0	0.0	0.0	0.0
16:49:38	0.0	0.0	1.05	0.0	1.3	0.0	0.0	0.0	0.0	0.0	0.0
16:49:39	0.0	0.0	1.05	0.0	1.3	0.0	0.0	0.0	0.0	0.0	0.0
16:49:39	0.0	0.0	1.05	0.0	1.3	0.0	0.0	0.0	0.0	0.0	0.0
16:49:39	0.0	0.0	1.05	0.0	1.31	0.0	0.0	0.0	0.0	0.0	0.0
16:49:39	0.0	0.0	1.06	0.0	1.31	0.0	0.0	0.0	0.0	0.0	0.0
16:49:39	0.0	0.0	1.06	0.0	1.31	0.0	0.0	0.0	0.0	0.0	0.0
16:49:39	0.0	0.0	1.06	0.0	1.31	0.0	0.0	0.0	0.0	0.0	0.0
16:49:39	0.0	0.0	1.06	0.0	1.31	0.0	0.0	0.0	0.0	0.0	0.0
16:49:39	0.0	0.0	1.06	0.0	1.31	0.0	0.0	0.0	0.0	0.0	0.0
16:49:39	0.0	0.0	1.06	0.0	1.32	0.0	0.0	0.0	0.0	0.0	0.0
16:49:39	0.0	0.0	1.06	0.0	1.32	0.0	0.0	0.0	0.0	0.0	0.0
16:49:39	0.0	0.0	1.06	0.0	1.32	0.0	0.0	0.0	0.0	0.0	0.0
16:49:39	0.0	0.0	1.06	0.0	1.32	0.0	0.0	0.0	0.0	0.0	0.0
16:49:39	0.0	0.0	1.06	0.0	1.31	0.0	0.0	0.0	0.0	0.0	0.0
16:49:39	0.0	0.0	1.07	0.0	1.31	0.0	0.0	0.0	0.0	0.0	0.0
16:49:39	0.0	0.0	1.07	0.0	1.3	0.0	0.0	0.0	0.0	0.0	0.0
16:49:39	0.0	0.0	1.06	0.0	1.3	0.0	0.0	0.0	0.0	0.0	0.0
16:49:39	0.0	0.0	1.06	0.0	1.28	0.0	0.0	0.0	0.0	0.0	0.0
16:49:40	0.0	0.0	1.06	0.0	1.28	0.0	0.0	0.0	0.0	0.0	0.0
16:49:40	0.0	0.0	1.06	0.0	1.27	0.0	0.0	0.0	0.0	0.0	0.0
16:49:40	0.0	0.0	1.06	0.0	1.27	0.0	0.0	0.0	0.0	0.0	0.0
16:49:40	0.0	0.0	1.06	0.0	1.28	0.0	0.0	0.0	0.0	0.0	0.0
16:49:40	0.0	0.0	1.06	0.0	1.28	0.0	0.0	0.0	0.0	0.0	0.0
16:49:40	0.0	0.0	1.06	0.0	1.28	0.0	0.0	0.0	0.0	0.0	0.0
16:49:41	0.0	0.0	1.06	0.0	1.28	0.0	0.0	0.0	0.0	0.0	0.0
16:49:41	0.0	0.0	1.06	0.0	1.29	0.0	0.0	0.0	0.0	0.0	0.0
16:49:41	0.0	0.0	1.06	0.0	1.29	0.0	0.0	0.0	0.0	0.0	0.0
16:49:41	0.0	0.0	1.06	0.0	1.29	0.0	0.0	0.0	0.0	0.0	0.0
16:49:41	0.0	0.0	1.06	0.0	1.29	0.0	0.0	0.0	0.0	0.0	0.0
16:49:41	0.0	0.0	1.06	0.0	1.3	0.0	0.0	0.0	0.0	0.0	0.0
16:49:42	0.0	0.0	1.06	0.0	1.3	0.0	0.0	0.0	0.0	0.0	0.0
16:49:42	0.0	0.0	1.06	0.0	1.3	0.0	0.0	0.0	0.0	0.0	0.0
16:49:42	0.0	0.0	1.05	0.0	1.3	0.0	0.0	0.0	0.0	0.0	0.0
16:49:42	0.0	0.0	1.05	0.0	1.3	0.0	0.0	0.0	0.0	0.0	0.0
16:49:42	0.0	0.0	1.05	0.0	1.3	0.0	0.0	0.0	0.0	0.0	0.0
16:49:42	0.0	0.0	1.05	0.0	1.3	0.0	0.0	0.0	0.0	0.0	0.0
16:49:42	0.0	0.0	1.05	0.0	1.3	0.0	0.0	0.0	0.0	0.0	0.0
16:49:43	0.0	0.0	1.05	0.0	1.29	0.0	0.0	0.0	0.0	0.0	0.0
16:49:43	0.0	0.0	1.05	0.0	1.29	0.0	0.0	0.0	0.0	0.0	0.0
16:49:43	0.0	0.0	1.05	0.0	1.29	0.0	0.0	0.0	0.0	0.0	0.0
16:49:43	0.0	0.0	1.05	0.0	1.29	0.0	0.0	0.0	0.0	0.0	0.0
16:49:43	0.0	0.0	1.05	0.0	1.29	0.0	0.0	0.0	0.0	0.0	0.0
16:49:43	0.0	0.0	1.05	0.0	1.29	0.0	0.0	0.0	0.0	0.0	0.0
16:49:43	0.0	0.0	1.05	0.0	1.29	0.0	0.0	0.0	0.0	0.0	0.0
16:49:44	0.0	0.0	1.05	0.0	1.29	0.0	0.0	0.0	0.0	0.0	0.0
16:49:44	0.0	0.0	1.05	0.0	1.29	0.0	0.0	0.0	0.0	0.0	0.0
16:49:44	0.0	0.0	1.06	0.0	1.29	0.0	0.0	0.0	0.0	0.0	0.0
16:49:44	0.0	0.0	1.06	0.0	1.29	0.0	0.0	0.0	0.0	0.0	0.0
16:49:44	0.0	0.0	1.06	0.0	1.29	0.0	0.0	0.0	0.0	0.0	0.0
16:49:44	0.0	0.0	1.06	0.0	1.3	0.0	0.0	0.0	0.0	0.0	0.0
16:49:45	0.0	0.0	1.06	0.0	1.3	0.0	0.0	0.0	0.0	0.0	0.0
16:49:45	0.0	0.0	1.06	0.0	1.3	0.0	0.0	0.0	0.0	0.0	0.0
16:49:45	0.0	0.0	1.06	0.0	1.3	0.0	0.0	0.0	0.0	0.0	0.0
16:49:45	0.0	0.0	1.06	0.0	1.3	0.0	0.0	0.0	0.0	0.0	0.0
16:49:45	0.0	0.0	1.06	0.0	1.3	0.0	0.0	0.0	0.0	0.0	0.0
16:49:45	0.0	0.0	1.06	0.0	1.3	0.0	0.0	0.0	0.0	0.0	0.0
16:49:46	0.0	0.0	1.06	0.0	1.3	0.0	0.0	0.0	0.0	0.0	0.0
16:49:46	0.0	0.0	1.06	0.0	1.3	0.0	0.0	0.0	0.0	0.0	0.0
16:49:46	0.0	0.0	1.06	0.0	1.3	0.0	0.0	0.0	0.0	0.0	0.0
16:49:46	0.0	0.0	1.06	0.0	1.29	0.0	0.0	0.0	0.0	0.0	0.0
16:49:46	0.0	0.0	1.06	0.0	1.29	0.0	0.0	0.0	0.0	0.0	0.0
16:49:46	0.0	0.0	1.06	0.0	1.29	0.0	0.0	0.0	0.0	0.0	0.0
16:49:46	0.0	0.0	1.06	0.0	1.29	0.0	0.0	0.0	0.0	0.0	0.0
16:49:47	0.0	0.0	1.06	0.0	1.29	0.0	0.0	0.0	0.0	0.0	0.0
16:49:47	0.0	0.0	1.06	0.0	1.29	0.0	0.0	0.0	0.0	0.0	0.0
16:49:47	0.0	0.0	1.06	0.0	1.28	0.0	0.0	0.0	0.0	0.0	0.0
16:49:47	0.0	0.0	1.06	0.0	1.28	0.0	0.0	0.0	0.0	0.0	0.0
16:49:47	0.0	0.0	1.06	0.0	1.28	0.0	0.0	0.0	0.0	0.0	0.0
16:49:47	0.0	0.0	1.06	0.0	1.28	0.0	0.0	0.0	0.0	0.0	0.0
16:49:47	0.0	0.0	1.06	0.0	1.28	0.0	0.0	0.0	0.0	0.0	0.0
16:49:48	0.0	0.0	1.07	0.0	1.28	0.0	0.0	0.0	0.0	0.0	0.0
16:49:48	0.0	0.0	1.07	0.0	1.29	0.0	0.0	0.0	0.0	0.0	0.0
16:49:48	0.0	0.0	1.07	0.0	1.29	0.0	0.0	0.0	0.0	0.0	0.0
16:49:48	0.0	0.0	1.07	0.0	1.29	0.0	0.0	0.0	0.0	0.0	0.0
16:49:48	0.0	0.0	1.07	0.0	1.29	0.0	0.0	0.0	0.0	0.0	0.0
16:49:48	0.0	0.0	1.07	0.0	1.29	0.0	0.0	0.0	0.0	0.0	0.0
16:49:49	0.0	0.0	1.07	0.0	1.29	0.0	0.0	0.0	0.0	0.0	0.0
16:49:49	0.0	0.0	1.07	0.0	1.29	0.0	0.0	0.0	0.0	0.0	0.0
16:49:49	0.0	0.0	1.08	0.0	1.29	0.0	0.0	0.0	0.0	0.0	0.0
16:49:49	0.0	0.0	1.08	0.0	1.29	0.0	0.0	0.0	0.0	0.0	0.0
16:49:49	0.0	0.0	1.08	0.0	1.29	0.0	0.0	0.0	0.0	0.0	0.0
16:49:49	0.0	0.0	1.08	0.0	1.3	0.0	0.0	0.0	0.0	0.0	0.0
16:49:49	0.0	0.0	1.08	0.0	1.3	0.0	0.0	0.0	0.0	0.0	0.0
16:49:50	0.0	0.0	1.08	0.0	1.31	0.0	0.0	0.0	0.0	0.0	0.0
16:49:50	0.0	0.0	1.09	0.0	1.31	0.0	0.0	0.0	0.0	0.0	0.0
16:49:50	0.0	0.0	1.09	0.0	1.3	0.0	0.0	0.0	0.0	0.0	0.0
16:49:50	0.0	0.0	1.09	0.0	1.3	0.0	0.0	0.0	0.0	0.0	0.0
16:49:50	0.0	0.0	1.09	0.0	1.3	0.0	0.0	0.0	0.0	0.0	0.0
16:49:50	0.0	0.0	1.09	0.0	1.3	0.0	0.0	0.0	0.0	0.0	0.0
16:49:50	0.0	0.0	1.09	0.0	1.3	0.0	0.0	0.0	0.0	0.0	0.0
16:49:51	0.0	0.0	1.09	0.0	1.3	0.0	0.0	0.0	0.0	0.0	0.0
16:49:51	0.0	0.0	1.09	0.0	1.3	0.0	0.0	0.0	0.0	0.0	0.0
16:49:51	0.0	0.0	1.09	0.0	1.3	0.0	0.0	0.0	0.0	0.0	0.0
16:49:51	0.0	0.0	1.09	0.0	1.3	0.0	0.0	0.0	0.0	0.0	0.0
16:49:51	0.0	0.0	1.1	0.0	1.3	0.0	0.0	0.0	0.0	0.0	0.0
16:49:51	0.0	0.0	1.1	0.0	1.3	0.0	0.0	0.0	0.0	0.0	0.0
16:49:52	0.0	0.0	1.1	0.0	1.3	0.0	0.0	0.0	0.0	0.0	0.0
16:49:52	0.0	0.0	1.1	0.0	1.31	0.0	0.0	0.0	0.0	0.0	0.0
16:49:52	0.0	0.0	1.1	0.0	1.31	0.0	0.0	0.0	0.0	0.0	0.0
16:49:52	0.0	0.0	1.1	0.0	1.31	0.0	0.0	0.0	0.0	0.0	0.0
16:49:52	0.0	0.0	1.1	0.0	1.31	0.0	0.0	0.0	0.0	0.0	0.0
16:49:52	0.0	0.0	1.1	0.0	1.33	0.0	0.0	0.0	0.0	0.0	0.0
16:49:53	0.0	0.0	1.11	0.0	1.33	0.0	0.0	0.0	0.0	0.0	0.0
16:49:53	0.0	0.0	1.11	0.0	1.33	0.0	0.0	0.0	0.0	0.0	0.0
16:49:53	0.0	0.0	1.12	0.0	1.33	0.0	0.0	0.0	0.0	0.0	0.0
16:49:53	0.0	0.0	1.12	0.0	1.33	0.0	0.0	0.0	0.0	0.0	0.0
16:49:53	0.0	0.0	1.12	0.0	1.33	0.0	0.0	0.0	0.0	0.0	0.0
16:49:53	0.0	0.0	1.12	0.0	1.34	0.0	0.0	0.0	0.0	0.0	0.0
16:49:53	0.0	0.0	1.12	0.0	1.34	0.0	0.0	0.0	0.0	0.0	0.0
16:49:53	0.0	0.0	1.12	0.0	1.33	0.0	0.0	0.0	0.0	0.0	0.0
16:49:54	0.0	0.0	1.12	0.0	1.33	0.0	0.0	0.0	0.0	0.0	0.0
16:49:54	0.0	0.0	1.12	0.0	1.33	0.0	0.0	0.0	0.0	0.0	0.0
16:49:54	0.0	0.0	1.12	0.0	1.33	0.0	0.0	0.0	0.0	0.0	0.0
16:49:54	0.0	0.0	1.12	0.0	1.34	0.0	0.0	0.0	0.0	0.0	0.0
16:49:54	0.0	0.0	1.12	0.0	1.34	0.0	0.0	0.0	0.0	0.0	0.0
16:49:54	0.0	0.0	1.12	0.0	1.35	0.0	0.0	0.0	0.0	0.0	0.0
16:49:55	0.0	0.0	1.13	0.0	1.35	0.0	0.0	0.0	0.0	0.0	0.0
16:49:55	0.0	0.0	1.13	0.0	1.35	0.0	0.0	0.0	0.0	0.0	0.0
16:49:55	0.0	0.0	1.13	0.0	1.35	0.0	0.0	0.0	0.0	0.0	0.0
16:49:55	0.0	0.0	1.13	0.0	1.35	0.0	0.0	0.0	0.0	0.0	0.0
16:49:55	0.0	0.0	1.13	0.0	1.35	0.0	0.0	0.0	0.0	0.0	0.0
16:49:55	0.0	0.0	1.13	0.0	1.36	0.0	0.0	0.0	0.0	0.0	0.0
16:49:56	0.0	0.0	1.12	0.0	1.36	0.0	0.0	0.0	0.0	0.0	0.0
16:49:56	0.0	0.0	1.12	0.0	1.37	0.0	0.0	0.0	0.0	0.0	0.0
16:49:56	0.0	0.0	1.12	0.0	1.37	0.0	0.0	0.0	0.0	0.0	0.0
16:49:56	0.0	0.0	1.12	0.0	1.36	0.0	0.0	0.0	0.0	0.0	0.0
16:49:56	0.0	0.0	1.12	0.0	1.36	0.0	0.0	0.0	0.0	0.0	0.0
16:49:56	0.0	0.0	1.12	0.0	1.35	0.0	0.0	0.0	0.0	0.0	0.0
16:49:57	0.0	0.0	1.11	0.0	1.35	0.0	0.0	0.0	0.0	0.0	0.0
16:49:57	0.0	0.0	1.11	0.0	1.35	0.0	0.0	0.0	0.0	0.0	0.0
16:49:57	0.0	0.0	1.11	0.0	1.35	0.0	0.0	0.0	0.0	0.0	0.0
16:49:57	0.0	0.0	1.11	0.0	1.36	0.0	0.0	0.0	0.0	0.0	0.0
16:49:57	0.0	0.0	1.11	0.0	1.36	0.0	0.0	0.0	0.0	0.0	0.0
16:49:57	0.0	0.0	1.11	0.0	1.37	0.0	0.0	0.0	0.0	0.0	0.0
16:49:57	0.0	0.0	1.11	0.0	1.37	0.0	0.0	0.0	0.0	0.0	0.0
16:49:57	0.0	0.0	1.11	0.0	1.37	0.0	0.0	0.0	0.0	0.0	0.0
16:49:58	0.0	0.0	1.1	0.0	1.37	0.0	0.0	0.0	0.0	0.0	0.0
16:49:58	0.0	0.0	1.1	0.0	1.38	0.0	0.0	0.0	0.0	0.0	0.0
16:49:58	0.0	0.0	1.1	0.0	1.38	0.0	0.0	0.0	0.0	0.0	0.0
16:49:58	0.0	0.0	1.1	0.0	1.38	0.0	0.0	0.0	0.0	0.0	0.0
16:49:58	0.0	0.0	1.1	0.0	1.38	0.0	0.0	0.0	0.0	0.0	0.0
16:49:58	0.0	0.0	1.1	0.0	1.37	0.0	0.0	0.0	0.0	0.0	0.0
16:49:59	0.0	0.0	1.1	0.0	1.37	0.0	0.0	0.0	0.0	0.0	0.0
16:49:59	0.0	0.0	1.1	0.0	1.36	0.0	0.0	0.0	0.0	0.0	0.0
16:49:59	0.0	0.0	1.09	0.0	1.36	0.0	0.0	0.0	0.0	0.0	0.0
16:49:59	0.0	0.0	1.09	0.0	1.36	0.0	0.0	0.0	0.0	0.0	0.0
16:49:59	0.0	0.0	1.09	0.0	1.36	0.0	0.0	0.0	0.0	0.0	0.0
16:49:59	0.0	0.0	1.09	0.0	1.36	0.0	0.0	0.0	0.0	0.0	0.0
16:50:0	0.0	0.0	1.09	0.0	1.36	0.0	0.0	0.0	0.0	0.0	0.0
16:50:0	0.0	0.0	1.09	0.0	1.36	0.0	0.0	0.0	0.0	0.0	0.0
16:50:0	0.0	0.0	1.09	0.0	1.36	0.0	0.0	0.0	0.0	0.0	0.0
16:50:0	0.0	0.0	1.09	0.0	1.35	0.0	0.0	0.0	0.0	0.0	0.0
16:50:0	0.0	0.0	1.08	0.0	1.35	0.0	0.0	0.0	0.0	0.0	0.0
16:50:0	0.0	0.0	1.08	0.0	1.35	0.0	0.0	0.0	0.0	0.0	0.0
16:50:0	0.0	0.0	1.08	0.0	1.35	0.0	0.0	0.0	0.0	0.0	0.0
16:50:0	0.0	0.0	1.08	0.0	1.35	0.0	0.0	0.0	0.0	0.0	0.0
16:50:1	0.0	0.0	1.08	0.0	1.35	0.0	0.0	0.0	0.0	0.0	0.0
16:50:1	0.0	0.0	1.08	0.0	1.34	0.0	0.0	0.0	0.0	0.0	0.0
16:50:1	0.0	0.0	1.08	0.0	1.34	0.0	0.0	0.0	0.0	0.0	0.0
16:50:1	0.0	0.0	1.08	0.0	1.33	0.0	0.0	0.0	0.0	0.0	0.0
16:50:1	0.0	0.0	1.07	0.0	1.33	0.0	0.0	0.0	0.0	0.0	0.0
16:50:1	0.0	0.0	1.07	0.0	1.32	0.0	0.0	0.0	0.0	0.0	0.0
16:50:2	0.0	0.0	1.06	0.0	1.32	0.0	0.0	0.0	0.0	0.0	0.0
16:50:2	0.0	0.0	1.06	0.0	1.32	0.0	0.0	0.0	0.0	0.0	0.0
16:50:2	0.0	0.0	1.06	0.0	1.32	0.0	0.0	0.0	0.0	0.0	0.0
16:50:2	0.0	0.0	1.06	0.0	1.32	0.0	0.0	0.0	0.0	0.0	0.0
16:50:2	0.0	0.0	1.06	0.0	1.32	0.0	0.0	0.0	0.0	0.0	0.0
16:50:2	0.0	0.0	1.06	0.0	1.33	0.0	0.0	0.0	0.0	0.0	0.0
16:50:3	0.0	0.0	1.06	0.0	1.33	0.0	0.0	0.0	0.0	0.0	0.0
16:50:3	0.0	0.0	1.06	0.0	1.32	0.0	0.0	0.0	0.0	0.0	0.0
16:50:3	0.0	0.0	1.06	0.0	1.32	0.0	0.0	0.0	0.0	0.0	0.0
16:50:3	0.0	0.0	1.06	0.0	1.32	0.0	0.0	0.0	0.0	0.0	0.0
16:50:3	0.0	0.0	1.06	0.0	1.32	0.0	0.0	0.0	0.0	0.0	0.0
16:50:3	0.0	0.0	1.06	0.0	1.31	0.0	0.0	0.0	0.0	0.0	0.0
16:50:3	0.0	0.0	1.06	0.0	1.31	0.0	0.0	0.0	0.0	0.0	0.0
16:50:4	0.0	0.0	1.06	0.0	1.3	0.0	0.0	0.0	0.0	0.0	0.0
16:50:4	0.0	0.0	1.06	0.0	1.3	0.0	0.0	0.0	0.0	0.0	0.0
16:50:4	0.0	0.0	1.06	0.0	1.3	0.0	0.0	0.0	0.0	0.0	0.0
16:50:4	0.0	0.0	1.06	0.0	1.3	0.0	0.0	0.0	0.0	0.0	0.0
16:50:4	0.0	0.0	1.06	0.0	1.3	0.0	0.0	0.0	0.0	0.0	0.0
16:50:4	0.0	0.0	1.06	0.0	1.3	0.0	0.0	0.0	0.0	0.0	0.0
16:50:4	0.0	0.0	1.06	0.0	1.3	0.0	0.0	0.0	0.0	0.0	0.0
16:50:5	0.0	0.0	1.06	0.0	1.3	0.0	0.0	0.0	0.0	0.0	0.0
16:50:5	0.0	0.0	1.06	0.0	1.3	0.0	0.0	0.0	0.0	0.0	0.0
16:50:5	0.0	0.0	1.06	0.0	1.3	0.0	0.0	0.0	0.0	0.0	0.0
16:50:5	0.0	0.0	1.06	0.0	1.31	0.0	0.0	0.0	0.0	0.0	0.0
16:50:5	0.0	0.0	1.06	0.0	1.31	0.0	0.0	0.0	0.0	0.0	0.0
16:50:5	0.0	0.0	1.06	0.0	1.31	0.0	0.0	0.0	0.0	0.0	0.0
16:50:6	0.0	0.0	1.06	0.0	1.31	0.0	0.0	0.0	0.0	0.0	0.0
16:50:6	0.0	0.0	1.06	0.0	1.3	0.0	0.0	0.0	0.0	0.0	0.0
16:50:6	0.0	0.0	1.06	0.0	1.3	0.0	0.0	0.0	0.0	0.0	0.0
16:50:6	0.0	0.0	1.06	0.0	1.31	0.0	0.0	0.0	0.0	0.0	0.0
16:50:6	0.0	0.0	1.06	0.0	1.31	0.0	0.0	0.0	0.0	0.0	0.0
16:50:6	0.0	0.0	1.06	0.0	1.31	0.0	0.0	0.0	0.0	0.0	0.0
16:50:7	0.0	0.0	1.07	0.0	1.31	0.0	0.0	0.0	0.0	0.0	0.0
16:50:7	0.0	0.0	1.07	0.0	1.31	0.0	0.0	0.0	0.0	0.0	0.0
16:50:7	0.0	0.0	1.07	0.0	1.31	0.0	0.0	0.0	0.0	0.0	0.0
16:50:7	0.0	0.0	1.07	0.0	1.31	0.0	0.0	0.0	0.0	0.0	0.0
16:50:7	0.0	0.0	1.07	0.0	1.31	0.0	0.0	0.0	0.0	0.0	0.0
16:50:7	0.0	0.0	1.07	0.0	1.32	0.0	0.0	0.0	0.0	0.0	0.0
16:50:7	0.0	0.0	1.07	0.0	1.32	0.0	0.0	0.0	0.0	0.0	0.0
16:50:7	0.0	0.0	1.07	0.0	1.32	0.0	0.0	0.0	0.0	0.0	0.0
16:50:8	0.0	0.0	1.08	0.0	1.32	0.0	0.0	0.0	0.0	0.0	0.0
16:50:8	0.0	0.0	1.08	0.0	1.32	0.0	0.0	0.0	0.0	0.0	0.0
16:50:8	0.0	0.0	1.08	0.0	1.32	0.0	0.0	0.0	0.0	0.0	0.0
16:50:8	0.0	0.0	1.08	0.0	1.33	0.0	0.0	0.0	0.0	0.0	0.0
16:50:8	0.0	0.0	1.08	0.0	1.33	0.0	0.0	0.0	0.0	0.0	0.0
16:50:8	0.0	0.0	1.08	0.0	1.33	0.0	0.0	0.0	0.0	0.0	0.0
16:50:9	0.0	0.0	1.08	0.0	1.33	0.0	0.0	0.0	0.0	0.0	0.0
16:50:9	0.0	0.0	1.08	0.0	1.32	0.0	0.0	0.0	0.0	0.0	0.0
16:50:9	0.0	0.0	1.09	0.0	1.32	0.0	0.0	0.0	0.0	0.0	0.0
16:50:9	0.0	0.0	1.09	0.0	1.33	0.0	0.0	0.0	0.0	0.0	0.0
16:50:9	0.0	0.0	1.09	0.0	1.33	0.0	0.0	0.0	0.0	0.0	0.0
16:50:9	0.0	0.0	1.09	0.0	1.34	0.0	0.0	0.0	0.0	0.0	0.0
16:50:10	0.0	0.0	1.09	0.0	1.34	0.0	0.0	0.0	0.0	0.0	0.0
16:50:10	0.0	0.0	1.09	0.0	1.34	0.0	0.0	0.0	0.0	0.0	0.0
16:50:10	0.0	0.0	1.09	0.0	1.34	0.0	0.0	0.0	0.0	0.0	0.0
16:50:10	0.0	0.0	1.09	0.0	1.35	0.0	0.0	0.0	0.0	0.0	0.0
16:50:10	0.0	0.0	1.09	0.0	1.35	0.0	0.0	0.0	0.0	0.0	0.0
16:50:10	0.0	0.0	1.09	0.0	1.36	0.0	0.0	0.0	0.0	0.0	0.0
16:50:10	0.0	0.0	1.09	0.0	1.36	0.0	0.0	0.0	0.0	0.0	0.0
16:50:11	0.0	0.0	1.09	0.0	1.35	0.0	0.0	0.0	0.0	0.0	0.0
16:50:11	0.0	0.0	1.1	0.0	1.35	0.0	0.0	0.0	0.0	0.0	0.0
16:50:11	0.0	0.0	1.1	0.0	1.35	0.0	0.0	0.0	0.0	0.0	0.0
16:50:11	0.0	0.0	1.1	0.0	1.35	0.0	0.0	0.0	0.0	0.0	0.0
16:50:11	0.0	0.0	1.1	0.0	1.36	0.0	0.0	0.0	0.0	0.0	0.0
16:50:11	0.0	0.0	1.1	0.0	1.36	0.0	0.0	0.0	0.0	0.0	0.0
16:50:11	0.0	0.0	1.1	0.0	1.36	0.0	0.0	0.0	0.0	0.0	0.0
16:50:12	0.0	0.0	1.1	0.0	1.36	0.0	0.0	0.0	0.0	0.0	0.0
16:50:12	0.0	0.0	1.1	0.0	1.35	0.0	0.0	0.0	0.0	0.0	0.0
16:50:12	0.0	0.0	1.1	0.0	1.35	0.0	0.0	0.0	0.0	0.0	0.0
16:50:12	0.0	0.0	1.1	0.0	1.35	0.0	0.0	0.0	0.0	0.0	0.0
16:50:12	0.0	0.0	1.1	0.0	1.35	0.0	0.0	0.0	0.0	0.0	0.0
16:50:12	0.0	0.0	1.1	0.0	1.35	0.0	0.0	0.0	0.0	0.0	0.0
16:50:13	0.0	0.0	1.1	0.0	1.35	0.0	0.0	0.0	0.0	0.0	0.0
16:50:13	0.0	0.0	1.1	0.0	1.35	0.0	0.0	0.0	0.0	0.0	0.0
16:50:13	0.0	0.0	1.1	0.0	1.35	0.0	0.0	0.0	0.0	0.0	0.0
16:50:13	0.0	0.0	1.1	0.0	1.36	0.0	0.0	0.0	0.0	0.0	0.0
16:50:13	0.0	0.0	1.1	0.0	1.36	0.0	0.0	0.0	0.0	0.0	0.0
16:50:13	0.0	0.0	1.1	0.0	1.36	0.0	0.0	0.0	0.0	0.0	0.0
16:50:14	0.0	0.0	1.1	0.0	1.36	0.0	0.0	0.0	0.0	0.0	0.0
16:50:14	0.0	0.0	1.1	0.0	1.36	0.0	0.0	0.0	0.0	0.0	0.0
16:50:14	0.0	0.0	1.09	0.0	1.36	0.0	0.0	0.0	0.0	0.0	0.0
16:50:14	0.0	0.0	1.09	0.0	1.35	0.0	0.0	0.0	0.0	0.0	0.0
16:50:14	0.0	0.0	1.1	0.0	1.35	0.0	0.0	0.0	0.0	0.0	0.0
16:50:14	0.0	0.0	1.1	0.0	1.35	0.0	0.0	0.0	0.0	0.0	0.0
16:50:14	0.0	0.0	1.09	0.0	1.35	0.0	0.0	0.0	0.0	0.0	0.0
16:50:15	0.0	0.0	1.09	0.0	1.35	0.0	0.0	0.0	0.0	0.0	0.0
16:50:15	0.0	0.0	1.1	0.0	1.35	0.0	0.0	0.0	0.0	0.0	0.0
16:50:15	0.0	0.0	1.1	0.0	1.35	0.0	0.0	0.0	0.0	0.0	0.0
16:50:15	0.0	0.0	1.1	0.0	1.35	0.0	0.0	0.0	0.0	0.0	0.0
16:50:15	0.0	0.0	1.1	0.0	1.35	0.0	0.0	0.0	0.0	0.0	0.0
16:50:16	0.0	0.0	1.1	0.0	1.35	0.0	0.0	0.0	0.0	0.0	0.0
16:50:16	0.0	0.0	1.1	0.0	1.35	0.0	0.0	0.0	0.0	0.0	0.0
16:50:16	0.0	0.0	1.1	0.0	1.35	0.0	0.0	0.0	0.0	0.0	0.0
16:50:16	0.0	0.0	1.1	0.0	1.35	0.0	0.0	0.0	0.0	0.0	0.0
16:50:16	0.0	0.0	1.09	0.0	1.35	0.0	0.0	0.0	0.0	0.0	0.0
16:50:16	0.0	0.0	1.09	0.0	1.34	0.0	0.0	0.0	0.0	0.0	0.0
16:50:17	0.0	0.0	1.09	0.0	1.34	0.0	0.0	0.0	0.0	0.0	0.0
16:50:17	0.0	0.0	1.09	0.0	1.34	0.0	0.0	0.0	0.0	0.0	0.0
16:50:17	0.0	0.0	1.09	0.0	1.34	0.0	0.0	0.0	0.0	0.0	0.0
16:50:18	0.0	0.0	1.09	0.0	1.34	0.0	0.0	0.0	0.0	0.0	0.0
16:50:19	0.0	0.0	1.09	0.0	1.34	0.0	0.0	0.0	0.0	0.0	0.0
16:50:19	0.0	0.0	1.09	0.0	1.35	0.0	0.0	0.0	0.0	0.0	0.0
16:50:20	0.0	0.0	1.08	0.0	1.35	0.0	0.0	0.0	0.0	0.0	0.0
16:50:20	0.0	0.0	1.08	0.0	1.34	0.0	0.0	0.0	0.0	0.0	0.0
16:50:20	0.0	0.0	1.08	0.0	1.34	0.0	0.0	0.0	0.0	0.0	0.0
16:50:21	0.0	0.0	1.08	0.0	1.34	0.0	0.0	0.0	0.0	0.0	0.0
16:50:22	0.0	0.0	1.08	0.0	1.34	0.0	0.0	0.0	0.0	0.0	0.0
16:50:22	0.0	0.0	1.08	0.0	1.34	0.0	0.0	0.0	0.0	0.0	0.0
16:50:24	0.0	0.0	1.08	0.0	1.34	0.0	0.0	0.0	0.0	0.0	0.0
16:50:24	0.0	0.0	1.08	0.0	1.33	0.0	0.0	0.0	0.0	0.0	0.0
16:50:24	0.0	0.0	1.08	0.0	1.33	0.0	0.0	0.0	0.0	0.0	0.0
16:50:24	0.0	0.0	1.08	0.0	1.32	0.0	0.0	0.0	0.0	0.0	0.0
16:50:25	0.0	0.0	1.08	0.0	1.32	0.0	0.0	0.0	0.0	0.0	0.0
16:50:25	0.0	0.0	1.08	0.0	1.32	0.0	0.0	0.0	0.0	0.0	0.0
16:50:25	0.0	0.0	1.09	0.0	1.32	0.0	0.0	0.0	0.0	0.0	0.0
16:50:25	0.0	0.0	1.09	0.0	1.32	0.0	0.0	0.0	0.0	0.0	0.0
16:50:25	0.0	0.0	1.08	0.0	1.32	0.0	0.0	0.0	0.0	0.0	0.0
16:50:25	0.0	0.0	1.08	0.0	1.32	0.0	0.0	0.0	0.0	0.0	0.0
16:50:25	0.0	0.0	1.08	0.0	1.32	0.0	0.0	0.0	0.0	0.0	0.0
16:50:25	0.0	0.0	1.08	0.0	1.32	0.0	0.0	0.0	0.0	0.0	0.0
16:50:26	0.0	0.0	1.08	0.0	1.32	0.0	0.0	0.0	0.0	0.0	0.0
16:50:26	0.0	0.0	1.08	0.0	1.32	0.0	0.0	0.0	0.0	0.0	0.0
16:50:26	0.0	0.0	1.07	0.0	1.32	0.0	0.0	0.0	0.0	0.0	0.0
16:50:26	0.0	0.0	1.07	0.0	1.32	0.0	0.0	0.0	0.0	0.0	0.0
16:50:26	0.0	0.0	1.07	0.0	1.32	0.0	0.0	0.0	0.0	0.0	0.0
16:50:26	0.0	0.0	1.07	0.0	1.33	0.0	0.0	0.0	0.0	0.0	0.0
16:50:27	0.0	0.0	1.07	0.0	1.33	0.0	0.0	0.0	0.0	0.0	0.0
16:50:27	0.0	0.0	1.07	0.0	1.33	0.0	0.0	0.0	0.0	0.0	0.0
16:50:27	0.0	0.0	1.07	0.0	1.33	0.0	0.0	0.0	0.0	0.0	0.0
16:50:27	0.0	0.0	1.07	0.0	1.33	0.0	0.0	0.0	0.0	0.0	0.0
16:50:27	0.0	0.0	1.07	0.0	1.33	0.0	0.0	0.0	0.0	0.0	0.0
16:50:27	0.0	0.0	1.07	0.0	1.33	0.0	0.0	0.0	0.0	0.0	0.0
16:50:28	0.0	0.0	1.07	0.0	1.33	0.0	0.0	0.0	0.0	0.0	0.0
16:50:28	0.0	0.0	1.07	0.0	1.32	0.0	0.0	0.0	0.0	0.0	0.0
16:50:28	0.0	0.0	1.07	0.0	1.32	0.0	0.0	0.0	0.0	0.0	0.0
16:50:28	0.0	0.0	1.07	0.0	1.32	0.0	0.0	0.0	0.0	0.0	0.0
16:50:28	0.0	0.0	1.07	0.0	1.32	0.0	0.0	0.0	0.0	0.0	0.0
16:50:28	0.0	0.0	1.07	0.0	1.31	0.0	0.0	0.0	0.0	0.0	0.0
16:50:28	0.0	0.0	1.07	0.0	1.31	0.0	0.0	0.0	0.0	0.0	0.0
16:50:28	0.0	0.0	1.07	0.0	1.31	0.0	0.0	0.0	0.0	0.0	0.0
16:50:29	0.0	0.0	1.08	0.0	1.31	0.0	0.0	0.0	0.0	0.0	0.0
16:50:29	0.0	0.0	1.08	0.0	1.32	0.0	0.0	0.0	0.0	0.0	0.0
16:50:29	0.0	0.0	1.08	0.0	1.32	0.0	0.0	0.0	0.0	0.0	0.0
16:50:29	0.0	0.0	1.08	0.0	1.32	0.0	0.0	0.0	0.0	0.0	0.0
16:50:29	0.0	0.0	1.08	0.0	1.32	0.0	0.0	0.0	0.0	0.0	0.0
16:50:29	0.0	0.0	1.08	0.0	1.32	0.0	0.0	0.0	0.0	0.0	0.0
16:50:30	0.0	0.0	1.09	0.0	1.32	0.0	0.0	0.0	0.0	0.0	0.0
16:50:30	0.0	0.0	1.09	0.0	1.33	0.0	0.0	0.0	0.0	0.0	0.0
16:50:30	0.0	0.0	1.09	0.0	1.33	0.0	0.0	0.0	0.0	0.0	0.0
16:50:30	0.0	0.0	1.09	0.0	1.33	0.0	0.0	0.0	0.0	0.0	0.0
16:50:30	0.0	0.0	1.08	0.0	1.33	0.0	0.0	0.0	0.0	0.0	0.0
16:50:30	0.0	0.0	1.08	0.0	1.33	0.0	0.0	0.0	0.0	0.0	0.0
16:50:31	0.0	0.0	1.08	0.0	1.33	0.0	0.0	0.0	0.0	0.0	0.0
16:50:31	0.0	0.0	1.08	0.0	1.33	0.0	0.0	0.0	0.0	0.0	0.0
16:50:31	0.0	0.0	1.08	0.0	1.33	0.0	0.0	0.0	0.0	0.0	0.0
16:50:31	0.0	0.0	1.08	0.0	1.32	0.0	0.0	0.0	0.0	0.0	0.0
16:50:31	0.0	0.0	1.08	0.0	1.32	0.0	0.0	0.0	0.0	0.0	0.0
16:50:31	0.0	0.0	1.08	0.0	1.32	0.0	0.0	0.0	0.0	0.0	0.0
16:50:31	0.0	0.0	1.08	0.0	1.32	0.0	0.0	0.0	0.0	0.0	0.0
16:50:31	0.0	0.0	1.08	0.0	1.31	0.0	0.0	0.0	0.0	0.0	0.0
16:50:32	0.0	0.0	1.08	0.0	1.31	0.0	0.0	0.0	0.0	0.0	0.0
16:50:32	0.0	0.0	1.08	0.0	1.31	0.0	0.0	0.0	0.0	0.0	0.0
16:50:32	0.0	0.0	1.07	0.0	1.31	0.0	0.0	0.0	0.0	0.0	0.0
16:50:32	0.0	0.0	1.07	0.0	1.32	0.0	0.0	0.0	0.0	0.0	0.0
16:50:32	0.0	0.0	1.07	0.0	1.32	0.0	0.0	0.0	0.0	0.0	0.0
16:50:32	0.0	0.0	1.07	0.0	1.32	0.0	0.0	0.0	0.0	0.0	0.0
16:50:33	0.0	0.0	1.07	0.0	1.32	0.0	0.0	0.0	0.0	0.0	0.0
16:50:33	0.0	0.0	1.07	0.0	1.33	0.0	0.0	0.0	0.0	0.0	0.0
16:50:33	0.0	0.0	1.08	0.0	1.33	0.0	0.0	0.0	0.0	0.0	0.0
16:50:33	0.0	0.0	1.08	0.0	1.32	0.0	0.0	0.0	0.0	0.0	0.0
16:50:33	0.0	0.0	1.08	0.0	1.32	0.0	0.0	0.0	0.0	0.0	0.0
16:50:33	0.0	0.0	1.08	0.0	1.31	0.0	0.0	0.0	0.0	0.0	0.0
16:50:34	0.0	0.0	1.07	0.0	1.31	0.0	0.0	0.0	0.0	0.0	0.0
16:50:34	0.0	0.0	1.07	0.0	1.3	0.0	0.0	0.0	0.0	0.0	0.0
16:50:34	0.0	0.0	1.07	0.0	1.3	0.0	0.0	0.0	0.0	0.0	0.0
16:50:34	0.0	0.0	1.07	0.0	1.29	0.0	0.0	0.0	0.0	0.0	0.0
16:50:34	0.0	0.0	1.07	0.0	1.29	0.0	0.0	0.0	0.0	0.0	0.0
16:50:34	0.0	0.0	1.07	0.0	1.29	0.0	0.0	0.0	0.0	0.0	0.0
16:50:34	0.0	0.0	1.08	0.0	1.29	0.0	0.0	0.0	0.0	0.0	0.0
16:50:34	0.0	0.0	1.08	0.0	1.29	0.0	0.0	0.0	0.0	0.0	0.0
16:50:35	0.0	0.0	1.08	0.0	1.29	0.0	0.0	0.0	0.0	0.0	0.0
16:50:35	0.0	0.0	1.08	0.0	1.27	0.0	0.0	0.0	0.0	0.0	0.0
16:50:35	0.0	0.0	1.08	0.0	1.27	0.0	0.0	0.0	0.0	0.0	0.0
16:50:35	0.0	0.0	1.08	0.0	1.27	0.0	0.0	0.0	0.0	0.0	0.0
16:50:35	0.0	0.0	1.07	0.0	1.27	0.0	0.0	0.0	0.0	0.0	0.0
16:50:35	0.0	0.0	1.07	0.0	1.27	0.0	0.0	0.0	0.0	0.0	0.0
16:50:36	0.0	0.0	1.07	0.0	1.27	0.0	0.0	0.0	0.0	0.0	0.0
16:50:36	0.0	0.0	1.07	0.0	1.27	0.0	0.0	0.0	0.0	0.0	0.0
16:50:36	0.0	0.0	1.07	0.0	1.27	0.0	0.0	0.0	0.0	0.0	0.0
16:50:36	0.0	0.0	1.07	0.0	1.27	0.0	0.0	0.0	0.0	0.0	0.0
16:50:36	0.0	0.0	1.07	0.0	1.27	0.0	0.0	0.0	0.0	0.0	0.0
16:50:36	0.0	0.0	1.07	0.0	1.28	0.0	0.0	0.0	0.0	0.0	0.0
16:50:37	0.0	0.0	1.07	0.0	1.28	0.0	0.0	0.0	0.0	0.0	0.0
16:50:37	0.0	0.0	1.07	0.0	1.27	0.0	0.0	0.0	0.0	0.0	0.0
16:50:37	0.0	0.0	1.07	0.0	1.27	0.0	0.0	0.0	0.0	0.0	0.0
16:50:37	0.0	0.0	1.07	0.0	1.27	0.0	0.0	0.0	0.0	0.0	0.0
16:50:37	0.0	0.0	1.09	0.0	1.27	0.0	0.0	0.0	0.0	0.0	0.0
16:50:37	0.0	0.0	1.09	0.0	1.27	0.0	0.0	0.0	0.0	0.0	0.0
16:50:37	0.0	0.0	1.14	0.0	1.27	0.0	0.0	0.0	0.0	0.0	0.0
16:50:38	0.0	0.0	1.14	0.0	1.28	0.0	0.0	0.0	0.0	0.0	0.0
16:50:38	0.0	0.0	1.22	0.0	1.28	0.0	0.0	0.0	0.0	0.0	0.0
16:50:38	0.0	0.0	1.22	0.0	1.32	0.0	0.0	0.0	0.0	0.0	0.0
16:50:38	0.0	0.0	1.32	0.0	1.32	0.0	0.0	0.0	0.0	0.0	0.0
16:50:38	0.0	0.0	1.32	0.0	1.39	0.0	0.0	0.0	0.0	0.0	0.0
16:50:38	0.0	0.0	1.43	0.0	1.39	0.0	0.0	0.0	0.0	0.0	0.0
16:50:38	0.0	0.0	1.43	0.0	1.49	0.0	0.0	0.0	0.0	0.0	0.0
16:50:39	0.0	0.0	1.54	0.0	1.49	0.0	0.0	0.0	0.0	0.0	0.0
16:50:39	0.0	0.0	1.54	0.0	1.58	0.0	0.0	0.0	0.0	0.0	0.0
16:50:39	0.0	0.0	1.64	0.0	1.58	0.0	0.0	0.0	0.0	0.0	0.0
16:50:39	0.0	0.0	1.64	0.0	1.68	0.0	0.0	0.0	0.0	0.0	0.0
16:50:39	0.0	0.0	1.74	0.0	1.68	0.0	0.0	0.0	0.0	0.0	0.0
16:50:39	0.0	0.0	1.74	0.0	1.76	0.0	0.0	0.0	0.0	0.0	0.0
16:50:40	0.0	0.0	1.83	0.0	1.76	0.0	0.0	0.0	0.0	0.0	0.0
16:50:40	0.0	0.0	1.83	0.0	1.83	0.0	0.0	0.0	0.0	0.0	0.0
16:50:40	0.0	0.0	1.9	0.0	1.83	0.0	0.0	0.0	0.0	0.0	0.0
16:50:40	0.0	0.0	1.9	0.0	1.9	0.0	0.0	0.0	0.0	0.0	0.0
16:50:40	0.0	0.0	1.96	0.0	1.9	0.0	0.0	0.0	0.0	0.0	0.0
16:50:40	0.0	0.0	1.96	0.0	1.94	0.0	0.0	0.0	0.0	0.0	0.0
16:50:41	0.0	0.0	2.0	0.0	1.94	0.0	0.0	0.0	0.0	0.0	0.0
16:50:41	0.0	0.0	2.0	0.0	1.98	0.0	0.0	0.0	0.0	0.0	0.0
16:50:41	0.0	0.0	2.04	0.0	1.98	0.0	0.0	0.0	0.0	0.0	0.0
16:50:41	0.0	0.0	2.04	0.0	2.0	0.0	0.0	0.0	0.0	0.0	0.0
16:50:41	0.0	0.0	2.06	0.0	2.0	0.0	0.0	0.0	0.0	0.0	0.0
16:50:41	0.0	0.0	2.06	0.0	1.98	0.0	0.0	0.0	0.0	0.0	0.0
16:50:41	0.0	0.0	2.08	0.0	1.98	0.0	0.0	0.0	0.0	0.0	0.0
16:50:42	0.0	0.0	2.08	0.0	1.96	0.0	0.0	0.0	0.0	0.0	0.0
16:50:42	0.0	0.0	2.09	0.0	1.96	0.0	0.0	0.0	0.0	0.0	0.0
16:50:42	0.0	0.0	2.09	0.0	1.93	0.0	0.0	0.0	0.0	0.0	0.0
16:50:42	0.0	0.0	2.09	0.0	1.93	0.0	0.0	0.0	0.0	0.0	0.0
16:50:42	0.0	0.0	2.09	0.0	1.9	0.0	0.0	0.0	0.0	0.0	0.0
16:50:42	0.0	0.0	2.09	0.0	1.9	0.0	0.0	0.0	0.0	0.0	0.0
16:50:42	0.0	0.0	2.09	0.0	1.86	0.0	0.0	0.0	0.0	0.0	0.0
16:50:43	0.0	0.0	2.07	0.0	1.86	0.0	0.0	0.0	0.0	0.0	0.0
16:50:43	0.0	0.0	2.07	0.0	1.83	0.0	0.0	0.0	0.0	0.0	0.0
16:50:43	0.0	0.0	2.06	0.0	1.83	0.0	0.0	0.0	0.0	0.0	0.0
16:50:43	0.0	0.0	2.06	0.0	1.8	0.0	0.0	0.0	0.0	0.0	0.0
16:50:43	0.0	0.0	2.03	0.0	1.8	0.0	0.0	0.0	0.0	0.0	0.0
16:50:43	0.0	0.0	2.03	0.0	1.77	0.0	0.0	0.0	0.0	0.0	0.0
16:50:44	0.0	0.0	2.01	0.0	1.77	0.0	0.0	0.0	0.0	0.0	0.0
16:50:44	0.0	0.0	2.01	0.0	1.75	0.0	0.0	0.0	0.0	0.0	0.0
16:50:44	0.0	0.0	1.98	0.0	1.75	0.0	0.0	0.0	0.0	0.0	0.0
16:50:44	0.0	0.0	1.98	0.0	1.73	0.0	0.0	0.0	0.0	0.0	0.0
16:50:44	0.0	0.0	1.95	0.0	1.73	0.0	0.0	0.0	0.0	0.0	0.0
16:50:44	0.0	0.0	1.95	0.0	1.7	0.0	0.0	0.0	0.0	0.0	0.0
16:50:45	0.0	0.0	1.93	0.0	1.7	0.0	0.0	0.0	0.0	0.0	0.0
16:50:45	0.0	0.0	1.93	0.0	1.68	0.0	0.0	0.0	0.0	0.0	0.0
16:50:45	0.0	0.0	1.9	0.0	1.68	0.0	0.0	0.0	0.0	0.0	0.0
16:50:45	0.0	0.0	1.9	0.0	1.66	0.0	0.0	0.0	0.0	0.0	0.0
16:50:45	0.0	0.0	1.86	0.0	1.66	0.0	0.0	0.0	0.0	0.0	0.0
16:50:45	0.0	0.0	1.86	0.0	1.65	0.0	0.0	0.0	0.0	0.0	0.0
16:50:45	0.0	0.0	1.83	0.0	1.65	0.0	0.0	0.0	0.0	0.0	0.0
16:50:46	0.0	0.0	1.83	0.0	1.63	0.0	0.0	0.0	0.0	0.0	0.0
16:50:46	0.0	0.0	1.79	0.0	1.63	0.0	0.0	0.0	0.0	0.0	0.0
16:50:46	0.0	0.0	1.79	0.0	1.62	0.0	0.0	0.0	0.0	0.0	0.0
16:50:46	0.0	0.0	1.76	0.0	1.62	0.0	0.0	0.0	0.0	0.0	0.0
16:50:46	0.0	0.0	1.76	0.0	1.62	0.0	0.0	0.0	0.0	0.0	0.0
16:50:46	0.0	0.0	1.73	0.0	1.62	0.0	0.0	0.0	0.0	0.0	0.0
16:50:46	0.0	0.0	1.73	0.0	1.61	0.0	0.0	0.0	0.0	0.0	0.0
16:50:47	0.0	0.0	1.7	0.0	1.61	0.0	0.0	0.0	0.0	0.0	0.0
16:50:47	0.0	0.0	1.7	0.0	1.61	0.0	0.0	0.0	0.0	0.0	0.0
16:50:47	0.0	0.0	1.66	0.0	1.61	0.0	0.0	0.0	0.0	0.0	0.0
16:50:47	0.0	0.0	1.66	0.0	1.6	0.0	0.0	0.0	0.0	0.0	0.0
16:50:47	0.0	0.0	1.63	0.0	1.6	0.0	0.0	0.0	0.0	0.0	0.0
16:50:47	0.0	0.0	1.63	0.0	1.59	0.0	0.0	0.0	0.0	0.0	0.0
16:50:48	0.0	0.0	1.6	0.0	1.59	0.0	0.0	0.0	0.0	0.0	0.0
16:50:48	0.0	0.0	1.6	0.0	1.57	0.0	0.0	0.0	0.0	0.0	0.0
16:50:48	0.0	0.0	1.57	0.0	1.57	0.0	0.0	0.0	0.0	0.0	0.0
16:50:48	0.0	0.0	1.57	0.0	1.56	0.0	0.0	0.0	0.0	0.0	0.0
16:50:48	0.0	0.0	1.54	0.0	1.56	0.0	0.0	0.0	0.0	0.0	0.0
16:50:48	0.0	0.0	1.54	0.0	1.55	0.0	0.0	0.0	0.0	0.0	0.0
16:50:49	0.0	0.0	1.51	0.0	1.55	0.0	0.0	0.0	0.0	0.0	0.0
16:50:49	0.0	0.0	1.51	0.0	1.54	0.0	0.0	0.0	0.0	0.0	0.0
16:50:49	0.0	0.0	1.47	0.0	1.54	0.0	0.0	0.0	0.0	0.0	0.0
16:50:49	0.0	0.0	1.47	0.0	1.52	0.0	0.0	0.0	0.0	0.0	0.0
16:50:49	0.0	0.0	1.44	0.0	1.52	0.0	0.0	0.0	0.0	0.0	0.0
16:50:49	0.0	0.0	1.44	0.0	1.5	0.0	0.0	0.0	0.0	0.0	0.0
16:50:49	0.0	0.0	1.41	0.0	1.5	0.0	0.0	0.0	0.0	0.0	0.0
16:50:49	0.0	0.0	1.41	0.0	1.48	0.0	0.0	0.0	0.0	0.0	0.0
16:50:50	0.0	0.0	1.39	0.0	1.48	0.0	0.0	0.0	0.0	0.0	0.0
16:50:50	0.0	0.0	1.39	0.0	1.44	0.0	0.0	0.0	0.0	0.0	0.0
16:50:50	0.0	0.0	1.36	0.0	1.44	0.0	0.0	0.0	0.0	0.0	0.0
16:50:50	0.0	0.0	1.36	0.0	1.42	0.0	0.0	0.0	0.0	0.0	0.0
16:50:50	0.0	0.0	1.34	0.0	1.42	0.0	0.0	0.0	0.0	0.0	0.0
16:50:50	0.0	0.0	1.34	0.0	1.39	0.0	0.0	0.0	0.0	0.0	0.0
16:50:51	0.0	0.0	1.32	0.0	1.39	0.0	0.0	0.0	0.0	0.0	0.0
16:50:51	0.0	0.0	1.32	0.0	1.37	0.0	0.0	0.0	0.0	0.0	0.0
16:50:51	0.0	0.0	1.29	0.0	1.37	0.0	0.0	0.0	0.0	0.0	0.0
16:50:51	0.0	0.0	1.29	0.0	1.35	0.0	0.0	0.0	0.0	0.0	0.0
16:50:51	0.0	0.0	1.27	0.0	1.35	0.0	0.0	0.0	0.0	0.0	0.0
16:50:51	0.0	0.0	1.27	0.0	1.33	0.0	0.0	0.0	0.0	0.0	0.0
16:50:52	0.0	0.0	1.25	0.0	1.33	0.0	0.0	0.0	0.0	0.0	0.0
16:50:52	0.0	0.0	1.25	0.0	1.31	0.0	0.0	0.0	0.0	0.0	0.0
16:50:52	0.0	0.0	1.23	0.0	1.31	0.0	0.0	0.0	0.0	0.0	0.0
16:50:52	0.0	0.0	1.23	0.0	1.3	0.0	0.0	0.0	0.0	0.0	0.0
16:50:52	0.0	0.0	1.21	0.0	1.3	0.0	0.0	0.0	0.0	0.0	0.0
16:50:52	0.0	0.0	1.21	0.0	1.28	0.0	0.0	0.0	0.0	0.0	0.0
16:50:53	0.0	0.0	1.19	0.0	1.28	0.0	0.0	0.0	0.0	0.0	0.0
16:50:53	0.0	0.0	1.19	0.0	1.26	0.0	0.0	0.0	0.0	0.0	0.0
16:50:53	0.0	0.0	1.17	0.0	1.26	0.0	0.0	0.0	0.0	0.0	0.0
16:50:53	0.0	0.0	1.17	0.0	1.26	0.0	0.0	0.0	0.0	0.0	0.0
16:50:53	0.0	0.0	1.16	0.0	1.26	0.0	0.0	0.0	0.0	0.0	0.0
16:50:53	0.0	0.0	1.16	0.0	1.25	0.0	0.0	0.0	0.0	0.0	0.0
16:50:53	0.0	0.0	1.14	0.0	1.25	0.0	0.0	0.0	0.0	0.0	0.0
16:50:53	0.0	0.0	1.14	0.0	1.25	0.0	0.0	0.0	0.0	0.0	0.0
16:50:54	0.0	0.0	1.13	0.0	1.25	0.0	0.0	0.0	0.0	0.0	0.0
16:50:54	0.0	0.0	1.13	0.0	1.25	0.0	0.0	0.0	0.0	0.0	0.0
16:50:54	0.0	0.0	1.11	0.0	1.25	0.0	0.0	0.0	0.0	0.0	0.0
16:50:54	0.0	0.0	1.11	0.0	1.25	0.0	0.0	0.0	0.0	0.0	0.0
16:50:54	0.0	0.0	1.1	0.0	1.25	0.0	0.0	0.0	0.0	0.0	0.0
16:50:54	0.0	0.0	1.1	0.0	1.25	0.0	0.0	0.0	0.0	0.0	0.0
16:50:55	0.0	0.0	1.09	0.0	1.25	0.0	0.0	0.0	0.0	0.0	0.0
16:50:55	0.0	0.0	1.09	0.0	1.24	0.0	0.0	0.0	0.0	0.0	0.0
16:50:55	0.0	0.0	1.08	0.0	1.24	0.0	0.0	0.0	0.0	0.0	0.0
16:50:55	0.0	0.0	1.08	0.0	1.24	0.0	0.0	0.0	0.0	0.0	0.0
16:50:55	0.0	0.0	1.07	0.0	1.24	0.0	0.0	0.0	0.0	0.0	0.0
16:50:55	0.0	0.0	1.07	0.0	1.23	0.0	0.0	0.0	0.0	0.0	0.0
16:50:56	0.0	0.0	1.06	0.0	1.23	0.0	0.0	0.0	0.0	0.0	0.0
16:50:56	0.0	0.0	1.06	0.0	1.24	0.0	0.0	0.0	0.0	0.0	0.0
16:50:56	0.0	0.0	1.05	0.0	1.24	0.0	0.0	0.0	0.0	0.0	0.0
16:50:56	0.0	0.0	1.05	0.0	1.23	0.0	0.0	0.0	0.0	0.0	0.0
16:50:56	0.0	0.0	1.04	0.0	1.23	0.0	0.0	0.0	0.0	0.0	0.0
16:50:56	0.0	0.0	1.04	0.0	1.23	0.0	0.0	0.0	0.0	0.0	0.0
16:50:56	0.0	0.0	1.04	0.0	1.23	0.0	0.0	0.0	0.0	0.0	0.0
16:50:57	0.0	0.0	1.04	0.0	1.25	0.0	0.0	0.0	0.0	0.0	0.0
16:50:57	0.0	0.0	1.03	0.0	1.25	0.0	0.0	0.0	0.0	0.0	0.0
16:50:57	0.0	0.0	1.03	0.0	1.25	0.0	0.0	0.0	0.0	0.0	0.0
16:50:57	0.0	0.0	1.02	0.0	1.25	0.0	0.0	0.0	0.0	0.0	0.0
16:50:57	0.0	0.0	1.02	0.0	1.25	0.0	0.0	0.0	0.0	0.0	0.0
16:50:57	0.0	0.0	1.02	0.0	1.25	0.0	0.0	0.0	0.0	0.0	0.0
16:50:57	0.0	0.0	1.02	0.0	1.25	0.0	0.0	0.0	0.0	0.0	0.0
16:50:58	0.0	0.0	1.02	0.0	1.25	0.0	0.0	0.0	0.0	0.0	0.0
16:50:58	0.0	0.0	1.02	0.0	1.24	0.0	0.0	0.0	0.0	0.0	0.0
16:50:58	0.0	0.0	1.02	0.0	1.24	0.0	0.0	0.0	0.0	0.0	0.0
16:50:59	0.0	0.0	1.02	0.0	1.24	0.0	0.0	0.0	0.0	0.0	0.0
16:50:59	0.0	0.0	1.01	0.0	1.24	0.0	0.0	0.0	0.0	0.0	0.0
16:50:59	0.0	0.0	1.01	0.0	1.24	0.0	0.0	0.0	0.0	0.0	0.0
16:50:59	0.0	0.0	1.01	0.0	1.24	0.0	0.0	0.0	0.0	0.0	0.0
16:50:59	0.0	0.0	1.01	0.0	1.25	0.0	0.0	0.0	0.0	0.0	0.0
16:50:59	0.0	0.0	1.0	0.0	1.25	0.0	0.0	0.0	0.0	0.0	0.0
16:50:59	0.0	0.0	1.0	0.0	1.26	0.0	0.0	0.0	0.0	0.0	0.0
16:51:0	0.0	0.0	1.0	0.0	1.26	0.0	0.0	0.0	0.0	0.0	0.0
16:51:0	0.0	0.0	1.0	0.0	1.26	0.0	0.0	0.0	0.0	0.0	0.0
16:51:0	0.0	0.0	0.99	0.0	1.26	0.0	0.0	0.0	0.0	0.0	0.0
16:51:0	0.0	0.0	0.99	0.0	1.25	0.0	0.0	0.0	0.0	0.0	0.0
16:51:0	0.0	0.0	0.99	0.0	1.25	0.0	0.0	0.0	0.0	0.0	0.0
16:51:0	0.0	0.0	0.99	0.0	1.25	0.0	0.0	0.0	0.0	0.0	0.0
16:51:0	0.0	0.0	0.99	0.0	1.25	0.0	0.0	0.0	0.0	0.0	0.0
16:51:1	0.0	0.0	0.99	0.0	1.24	0.0	0.0	0.0	0.0	0.0	0.0
16:51:1	0.0	0.0	0.98	0.0	1.24	0.0	0.0	0.0	0.0	0.0	0.0
16:51:1	0.0	0.0	0.98	0.0	1.23	0.0	0.0	0.0	0.0	0.0	0.0
16:51:1	0.0	0.0	0.98	0.0	1.23	0.0	0.0	0.0	0.0	0.0	0.0
16:51:1	0.0	0.0	0.98	0.0	1.22	0.0	0.0	0.0	0.0	0.0	0.0
16:51:1	0.0	0.0	0.98	0.0	1.22	0.0	0.0	0.0	0.0	0.0	0.0
16:51:1	0.0	0.0	0.98	0.0	1.22	0.0	0.0	0.0	0.0	0.0	0.0
16:51:2	0.0	0.0	0.99	0.0	1.22	0.0	0.0	0.0	0.0	0.0	0.0
16:51:2	0.0	0.0	0.99	0.0	1.22	0.0	0.0	0.0	0.0	0.0	0.0
16:51:2	0.0	0.0	0.98	0.0	1.22	0.0	0.0	0.0	0.0	0.0	0.0
16:51:2	0.0	0.0	0.98	0.0	1.23	0.0	0.0	0.0	0.0	0.0	0.0
16:51:2	0.0	0.0	0.98	0.0	1.23	0.0	0.0	0.0	0.0	0.0	0.0
16:51:2	0.0	0.0	0.98	0.0	1.23	0.0	0.0	0.0	0.0	0.0	0.0
16:51:3	0.0	0.0	0.98	0.0	1.23	0.0	0.0	0.0	0.0	0.0	0.0
16:51:3	0.0	0.0	0.98	0.0	1.23	0.0	0.0	0.0	0.0	0.0	0.0
16:51:3	0.0	0.0	0.99	0.0	1.23	0.0	0.0	0.0	0.0	0.0	0.0
16:51:3	0.0	0.0	0.99	0.0	1.22	0.0	0.0	0.0	0.0	0.0	0.0
16:51:3	0.0	0.0	0.99	0.0	1.22	0.0	0.0	0.0	0.0	0.0	0.0
16:51:3	0.0	0.0	0.99	0.0	1.23	0.0	0.0	0.0	0.0	0.0	0.0
16:51:4	0.0	0.0	0.98	0.0	1.23	0.0	0.0	0.0	0.0	0.0	0.0
16:51:4	0.0	0.0	0.98	0.0	1.23	0.0	0.0	0.0	0.0	0.0	0.0
16:51:4	0.0	0.0	0.98	0.0	1.23	0.0	0.0	0.0	0.0	0.0	0.0
16:51:4	0.0	0.0	0.98	0.0	1.24	0.0	0.0	0.0	0.0	0.0	0.0
16:51:4	0.0	0.0	0.99	0.0	1.24	0.0	0.0	0.0	0.0	0.0	0.0
16:51:4	0.0	0.0	0.99	0.0	1.25	0.0	0.0	0.0	0.0	0.0	0.0
16:51:5	0.0	0.0	0.99	0.0	1.25	0.0	0.0	0.0	0.0	0.0	0.0
16:51:5	0.0	0.0	0.99	0.0	1.25	0.0	0.0	0.0	0.0	0.0	0.0
16:51:5	0.0	0.0	0.99	0.0	1.25	0.0	0.0	0.0	0.0	0.0	0.0
16:51:5	0.0	0.0	0.99	0.0	1.24	0.0	0.0	0.0	0.0	0.0	0.0
16:51:5	0.0	0.0	1.0	0.0	1.24	0.0	0.0	0.0	0.0	0.0	0.0
16:51:5	0.0	0.0	1.0	0.0	1.23	0.0	0.0	0.0	0.0	0.0	0.0
16:51:5	0.0	0.0	1.0	0.0	1.23	0.0	0.0	0.0	0.0	0.0	0.0
16:51:6	0.0	0.0	1.0	0.0	1.21	0.0	0.0	0.0	0.0	0.0	0.0
16:51:6	0.0	0.0	0.99	0.0	1.21	0.0	0.0	0.0	0.0	0.0	0.0
16:51:6	0.0	0.0	0.99	0.0	1.2	0.0	0.0	0.0	0.0	0.0	0.0
16:51:6	0.0	0.0	0.99	0.0	1.2	0.0	0.0	0.0	0.0	0.0	0.0
16:51:6	0.0	0.0	0.99	0.0	1.19	0.0	0.0	0.0	0.0	0.0	0.0
16:51:6	0.0	0.0	0.99	0.0	1.19	0.0	0.0	0.0	0.0	0.0	0.0
16:51:6	0.0	0.0	0.99	0.0	1.18	0.0	0.0	0.0	0.0	0.0	0.0
16:51:7	0.0	0.0	0.99	0.0	1.18	0.0	0.0	0.0	0.0	0.0	0.0
16:51:7	0.0	0.0	0.99	0.0	1.16	0.0	0.0	0.0	0.0	0.0	0.0
16:51:7	0.0	0.0	0.98	0.0	1.16	0.0	0.0	0.0	0.0	0.0	0.0
16:51:7	0.0	0.0	0.98	0.0	1.14	0.0	0.0	0.0	0.0	0.0	0.0
16:51:7	0.0	0.0	0.97	0.0	1.14	0.0	0.0	0.0	0.0	0.0	0.0
16:51:7	0.0	0.0	0.97	0.0	1.14	0.0	0.0	0.0	0.0	0.0	0.0
16:51:8	0.0	0.0	0.96	0.0	1.14	0.0	0.0	0.0	0.0	0.0	0.0
16:51:8	0.0	0.0	0.96	0.0	1.13	0.0	0.0	0.0	0.0	0.0	0.0
16:51:8	0.0	0.0	0.96	0.0	1.13	0.0	0.0	0.0	0.0	0.0	0.0
16:51:8	0.0	0.0	0.96	0.0	1.11	0.0	0.0	0.0	0.0	0.0	0.0
16:51:8	0.0	0.0	0.96	0.0	1.11	0.0	0.0	0.0	0.0	0.0	0.0
16:51:8	0.0	0.0	0.96	0.0	1.1	0.0	0.0	0.0	0.0	0.0	0.0
16:51:8	0.0	0.0	0.95	0.0	1.1	0.0	0.0	0.0	0.0	0.0	0.0
16:51:9	0.0	0.0	0.95	0.0	1.1	0.0	0.0	0.0	0.0	0.0	0.0
16:51:9	0.0	0.0	0.94	0.0	1.1	0.0	0.0	0.0	0.0	0.0	0.0
16:51:9	0.0	0.0	0.94	0.0	1.11	0.0	0.0	0.0	0.0	0.0	0.0
16:51:9	0.0	0.0	0.93	0.0	1.11	0.0	0.0	0.0	0.0	0.0	0.0
16:51:9	0.0	0.0	0.93	0.0	1.11	0.0	0.0	0.0	0.0	0.0	0.0
16:51:9	0.0	0.0	0.93	0.0	1.11	0.0	0.0	0.0	0.0	0.0	0.0
16:51:9	0.0	0.0	0.93	0.0	1.1	0.0	0.0	0.0	0.0	0.0	0.0
16:51:10	0.0	0.0	0.93	0.0	1.1	0.0	0.0	0.0	0.0	0.0	0.0
16:51:10	0.0	0.0	0.93	0.0	1.1	0.0	0.0	0.0	0.0	0.0	0.0
16:51:10	0.0	0.0	0.92	0.0	1.1	0.0	0.0	0.0	0.0	0.0	0.0
16:51:10	0.0	0.0	0.92	0.0	1.11	0.0	0.0	0.0	0.0	0.0	0.0
16:51:10	0.0	0.0	0.92	0.0	1.11	0.0	0.0	0.0	0.0	0.0	0.0
16:51:10	0.0	0.0	0.92	0.0	1.11	0.0	0.0	0.0	0.0	0.0	0.0
16:51:11	0.0	0.0	0.92	0.0	1.11	0.0	0.0	0.0	0.0	0.0	0.0
16:51:11	0.0	0.0	0.92	0.0	1.11	0.0	0.0	0.0	0.0	0.0	0.0
16:51:11	0.0	0.0	0.92	0.0	1.11	0.0	0.0	0.0	0.0	0.0	0.0
16:51:11	0.0	0.0	0.92	0.0	1.11	0.0	0.0	0.0	0.0	0.0	0.0
16:51:11	0.0	0.0	0.92	0.0	1.11	0.0	0.0	0.0	0.0	0.0	0.0
16:51:11	0.0	0.0	0.92	0.0	1.12	0.0	0.0	0.0	0.0	0.0	0.0
16:51:12	0.0	0.0	0.92	0.0	1.12	0.0	0.0	0.0	0.0	0.0	0.0
16:51:12	0.0	0.0	0.92	0.0	1.12	0.0	0.0	0.0	0.0	0.0	0.0
16:51:12	0.0	0.0	0.92	0.0	1.12	0.0	0.0	0.0	0.0	0.0	0.0
16:51:12	0.0	0.0	0.92	0.0	1.12	0.0	0.0	0.0	0.0	0.0	0.0
16:51:12	0.0	0.0	0.92	0.0	1.12	0.0	0.0	0.0	0.0	0.0	0.0
16:51:12	0.0	0.0	0.92	0.0	1.13	0.0	0.0	0.0	0.0	0.0	0.0
16:51:12	0.0	0.0	0.92	0.0	1.13	0.0	0.0	0.0	0.0	0.0	0.0
16:51:12	0.0	0.0	0.92	0.0	1.14	0.0	0.0	0.0	0.0	0.0	0.0
16:51:13	0.0	0.0	0.91	0.0	1.14	0.0	0.0	0.0	0.0	0.0	0.0
16:51:13	0.0	0.0	0.91	0.0	1.15	0.0	0.0	0.0	0.0	0.0	0.0
16:51:13	0.0	0.0	0.92	0.0	1.15	0.0	0.0	0.0	0.0	0.0	0.0
16:51:13	0.0	0.0	0.92	0.0	1.15	0.0	0.0	0.0	0.0	0.0	0.0
16:51:13	0.0	0.0	0.92	0.0	1.15	0.0	0.0	0.0	0.0	0.0	0.0
16:51:13	0.0	0.0	0.92	0.0	1.16	0.0	0.0	0.0	0.0	0.0	0.0
16:51:14	0.0	0.0	0.92	0.0	1.16	0.0	0.0	0.0	0.0	0.0	0.0
16:51:14	0.0	0.0	0.92	0.0	1.17	0.0	0.0	0.0	0.0	0.0	0.0
16:51:14	0.0	0.0	0.93	0.0	1.17	0.0	0.0	0.0	0.0	0.0	0.0
16:51:14	0.0	0.0	0.93	0.0	1.18	0.0	0.0	0.0	0.0	0.0	0.0
16:51:14	0.0	0.0	0.93	0.0	1.18	0.0	0.0	0.0	0.0	0.0	0.0
16:51:14	0.0	0.0	0.93	0.0	1.19	0.0	0.0	0.0	0.0	0.0	0.0
16:51:15	0.0	0.0	0.94	0.0	1.19	0.0	0.0	0.0	0.0	0.0	0.0
16:51:15	0.0	0.0	0.94	0.0	1.19	0.0	0.0	0.0	0.0	0.0	0.0
16:51:15	0.0	0.0	0.94	0.0	1.19	0.0	0.0	0.0	0.0	0.0	0.0
16:51:15	0.0	0.0	0.94	0.0	1.2	0.0	0.0	0.0	0.0	0.0	0.0
16:51:15	0.0	0.0	0.95	0.0	1.2	0.0	0.0	0.0	0.0	0.0	0.0
16:51:15	0.0	0.0	0.95	0.0	1.21	0.0	0.0	0.0	0.0	0.0	0.0
16:51:16	0.0	0.0	0.94	0.0	1.21	0.0	0.0	0.0	0.0	0.0	0.0
16:51:16	0.0	0.0	0.94	0.0	1.22	0.0	0.0	0.0	0.0	0.0	0.0
16:51:16	0.0	0.0	0.94	0.0	1.22	0.0	0.0	0.0	0.0	0.0	0.0
16:51:16	0.0	0.0	0.94	0.0	1.24	0.0	0.0	0.0	0.0	0.0	0.0
16:51:16	0.0	0.0	0.94	0.0	1.24	0.0	0.0	0.0	0.0	0.0	0.0
16:51:16	0.0	0.0	0.94	0.0	1.25	0.0	0.0	0.0	0.0	0.0	0.0
16:51:16	0.0	0.0	0.95	0.0	1.25	0.0	0.0	0.0	0.0	0.0	0.0
16:51:17	0.0	0.0	0.95	0.0	1.24	0.0	0.0	0.0	0.0	0.0	0.0
16:51:17	0.0	0.0	0.95	0.0	1.24	0.0	0.0	0.0	0.0	0.0	0.0
16:51:17	0.0	0.0	0.95	0.0	1.24	0.0	0.0	0.0	0.0	0.0	0.0
16:51:17	0.0	0.0	0.95	0.0	1.24	0.0	0.0	0.0	0.0	0.0	0.0
16:51:17	0.0	0.0	0.95	0.0	1.25	0.0	0.0	0.0	0.0	0.0	0.0
16:51:17	0.0	0.0	0.96	0.0	1.25	0.0	0.0	0.0	0.0	0.0	0.0
16:51:17	0.0	0.0	0.96	0.0	1.25	0.0	0.0	0.0	0.0	0.0	0.0
16:51:18	0.0	0.0	0.96	0.0	1.25	0.0	0.0	0.0	0.0	0.0	0.0
16:51:18	0.0	0.0	0.96	0.0	1.24	0.0	0.0	0.0	0.0	0.0	0.0
16:51:18	0.0	0.0	0.96	0.0	1.24	0.0	0.0	0.0	0.0	0.0	0.0
16:51:18	0.0	0.0	0.96	0.0	1.24	0.0	0.0	0.0	0.0	0.0	0.0
16:51:18	0.0	0.0	0.96	0.0	1.24	0.0	0.0	0.0	0.0	0.0	0.0
16:51:18	0.0	0.0	0.96	0.0	1.24	0.0	0.0	0.0	0.0	0.0	0.0
16:51:19	0.0	0.0	0.95	0.0	1.24	0.0	0.0	0.0	0.0	0.0	0.0
16:51:19	0.0	0.0	0.95	0.0	1.24	0.0	0.0	0.0	0.0	0.0	0.0
16:51:19	0.0	0.0	0.95	0.0	1.24	0.0	0.0	0.0	0.0	0.0	0.0
16:51:19	0.0	0.0	0.95	0.0	1.23	0.0	0.0	0.0	0.0	0.0	0.0
16:51:19	0.0	0.0	0.95	0.0	1.23	0.0	0.0	0.0	0.0	0.0	0.0
16:51:19	0.0	0.0	0.95	0.0	1.23	0.0	0.0	0.0	0.0	0.0	0.0
16:51:20	0.0	0.0	0.96	0.0	1.23	0.0	0.0	0.0	0.0	0.0	0.0
16:51:20	0.0	0.0	0.96	0.0	1.24	0.0	0.0	0.0	0.0	0.0	0.0
16:51:20	0.0	0.0	0.96	0.0	1.24	0.0	0.0	0.0	0.0	0.0	0.0
16:51:20	0.0	0.0	0.96	0.0	1.25	0.0	0.0	0.0	0.0	0.0	0.0
16:51:20	0.0	0.0	0.96	0.0	1.25	0.0	0.0	0.0	0.0	0.0	0.0
16:51:20	0.0	0.0	0.96	0.0	1.25	0.0	0.0	0.0	0.0	0.0	0.0
16:51:21	0.0	0.0	0.96	0.0	1.25	0.0	0.0	0.0	0.0	0.0	0.0
16:51:21	0.0	0.0	0.96	0.0	1.25	0.0	0.0	0.0	0.0	0.0	0.0
16:51:21	0.0	0.0	0.97	0.0	1.25	0.0	0.0	0.0	0.0	0.0	0.0
16:51:21	0.0	0.0	0.97	0.0	1.25	0.0	0.0	0.0	0.0	0.0	0.0
16:51:21	0.0	0.0	0.97	0.0	1.25	0.0	0.0	0.0	0.0	0.0	0.0
16:51:21	0.0	0.0	0.97	0.0	1.26	0.0	0.0	0.0	0.0	0.0	0.0
16:51:22	0.0	0.0	0.97	0.0	1.26	0.0	0.0	0.0	0.0	0.0	0.0
16:51:22	0.0	0.0	0.97	0.0	1.27	0.0	0.0	0.0	0.0	0.0	0.0
16:51:22	0.0	0.0	0.98	0.0	1.27	0.0	0.0	0.0	0.0	0.0	0.0
16:51:22	0.0	0.0	0.98	0.0	1.28	0.0	0.0	0.0	0.0	0.0	0.0
16:51:22	0.0	0.0	0.98	0.0	1.28	0.0	0.0	0.0	0.0	0.0	0.0
16:51:22	0.0	0.0	0.98	0.0	1.29	0.0	0.0	0.0	0.0	0.0	0.0
16:51:22	0.0	0.0	0.99	0.0	1.29	0.0	0.0	0.0	0.0	0.0	0.0
16:51:22	0.0	0.0	0.99	0.0	1.29	0.0	0.0	0.0	0.0	0.0	0.0
16:51:23	0.0	0.0	0.99	0.0	1.29	0.0	0.0	0.0	0.0	0.0	0.0
16:51:23	0.0	0.0	0.99	0.0	1.29	0.0	0.0	0.0	0.0	0.0	0.0
16:51:23	0.0	0.0	1.0	0.0	1.29	0.0	0.0	0.0	0.0	0.0	0.0
16:51:23	0.0	0.0	1.0	0.0	1.29	0.0	0.0	0.0	0.0	0.0	0.0
16:51:23	0.0	0.0	1.0	0.0	1.29	0.0	0.0	0.0	0.0	0.0	0.0
16:51:23	0.0	0.0	1.0	0.0	1.3	0.0	0.0	0.0	0.0	0.0	0.0
16:51:24	0.0	0.0	0.99	0.0	1.3	0.0	0.0	0.0	0.0	0.0	0.0
16:51:24	0.0	0.0	0.99	0.0	1.31	0.0	0.0	0.0	0.0	0.0	0.0
16:51:24	0.0	0.0	1.0	0.0	1.31	0.0	0.0	0.0	0.0	0.0	0.0
16:51:24	0.0	0.0	1.0	0.0	1.31	0.0	0.0	0.0	0.0	0.0	0.0
16:51:24	0.0	0.0	1.0	0.0	1.31	0.0	0.0	0.0	0.0	0.0	0.0
16:51:24	0.0	0.0	1.0	0.0	1.31	0.0	0.0	0.0	0.0	0.0	0.0
16:51:25	0.0	0.0	1.01	0.0	1.31	0.0	0.0	0.0	0.0	0.0	0.0
16:51:25	0.0	0.0	1.01	0.0	1.31	0.0	0.0	0.0	0.0	0.0	0.0
16:51:25	0.0	0.0	1.01	0.0	1.31	0.0	0.0	0.0	0.0	0.0	0.0
16:51:25	0.0	0.0	1.01	0.0	1.31	0.0	0.0	0.0	0.0	0.0	0.0
16:51:25	0.0	0.0	1.02	0.0	1.31	0.0	0.0	0.0	0.0	0.0	0.0
16:51:25	0.0	0.0	1.02	0.0	1.31	0.0	0.0	0.0	0.0	0.0	0.0
16:51:26	0.0	0.0	1.02	0.0	1.31	0.0	0.0	0.0	0.0	0.0	0.0
16:51:26	0.0	0.0	1.02	0.0	1.31	0.0	0.0	0.0	0.0	0.0	0.0
16:51:26	0.0	0.0	1.03	0.0	1.31	0.0	0.0	0.0	0.0	0.0	0.0
16:51:26	0.0	0.0	1.03	0.0	1.31	0.0	0.0	0.0	0.0	0.0	0.0
16:51:26	0.0	0.0	1.03	0.0	1.31	0.0	0.0	0.0	0.0	0.0	0.0
16:51:26	0.0	0.0	1.03	0.0	1.3	0.0	0.0	0.0	0.0	0.0	0.0
16:51:27	0.0	0.0	1.03	0.0	1.3	0.0	0.0	0.0	0.0	0.0	0.0
16:51:27	0.0	0.0	1.03	0.0	1.3	0.0	0.0	0.0	0.0	0.0	0.0
16:51:27	0.0	0.0	1.03	0.0	1.3	0.0	0.0	0.0	0.0	0.0	0.0
16:51:27	0.0	0.0	1.03	0.0	1.3	0.0	0.0	0.0	0.0	0.0	0.0
16:51:27	0.0	0.0	1.03	0.0	1.3	0.0	0.0	0.0	0.0	0.0	0.0
16:51:27	0.0	0.0	1.03	0.0	1.29	0.0	0.0	0.0	0.0	0.0	0.0
16:51:27	0.0	0.0	1.04	0.0	1.29	0.0	0.0	0.0	0.0	0.0	0.0
16:51:27	0.0	0.0	1.04	0.0	1.29	0.0	0.0	0.0	0.0	0.0	0.0
16:51:28	0.0	0.0	1.04	0.0	1.29	0.0	0.0	0.0	0.0	0.0	0.0
16:51:28	0.0	0.0	1.04	0.0	1.29	0.0	0.0	0.0	0.0	0.0	0.0
16:51:28	0.0	0.0	1.04	0.0	1.29	0.0	0.0	0.0	0.0	0.0	0.0
16:51:28	0.0	0.0	1.04	0.0	1.3	0.0	0.0	0.0	0.0	0.0	0.0
16:51:28	0.0	0.0	1.04	0.0	1.3	0.0	0.0	0.0	0.0	0.0	0.0
16:51:28	0.0	0.0	1.04	0.0	1.3	0.0	0.0	0.0	0.0	0.0	0.0
16:51:29	0.0	0.0	1.04	0.0	1.3	0.0	0.0	0.0	0.0	0.0	0.0
16:51:29	0.0	0.0	1.04	0.0	1.31	0.0	0.0	0.0	0.0	0.0	0.0
16:51:29	0.0	0.0	1.03	0.0	1.31	0.0	0.0	0.0	0.0	0.0	0.0
16:51:29	0.0	0.0	1.03	0.0	1.31	0.0	0.0	0.0	0.0	0.0	0.0
16:51:29	0.0	0.0	1.03	0.0	1.31	0.0	0.0	0.0	0.0	0.0	0.0
16:51:29	0.0	0.0	1.03	0.0	1.31	0.0	0.0	0.0	0.0	0.0	0.0
16:51:30	0.0	0.0	1.03	0.0	1.31	0.0	0.0	0.0	0.0	0.0	0.0
16:51:30	0.0	0.0	1.03	0.0	1.31	0.0	0.0	0.0	0.0	0.0	0.0
16:51:30	0.0	0.0	1.04	0.0	1.31	0.0	0.0	0.0	0.0	0.0	0.0
16:51:30	0.0	0.0	1.04	0.0	1.31	0.0	0.0	0.0	0.0	0.0	0.0
16:51:30	0.0	0.0	1.04	0.0	1.31	0.0	0.0	0.0	0.0	0.0	0.0
16:51:30	0.0	0.0	1.04	0.0	1.31	0.0	0.0	0.0	0.0	0.0	0.0
16:51:31	0.0	0.0	1.04	0.0	1.31	0.0	0.0	0.0	0.0	0.0	0.0
16:51:31	0.0	0.0	1.04	0.0	1.3	0.0	0.0	0.0	0.0	0.0	0.0
16:51:31	0.0	0.0	1.04	0.0	1.3	0.0	0.0	0.0	0.0	0.0	0.0
16:51:31	0.0	0.0	1.04	0.0	1.3	0.0	0.0	0.0	0.0	0.0	0.0
16:51:31	0.0	0.0	1.04	0.0	1.3	0.0	0.0	0.0	0.0	0.0	0.0
16:51:31	0.0	0.0	1.04	0.0	1.3	0.0	0.0	0.0	0.0	0.0	0.0
16:51:32	0.0	0.0	1.06	0.0	1.3	0.0	0.0	0.0	0.0	0.0	0.0
16:51:32	0.0	0.0	1.06	0.0	1.29	0.0	0.0	0.0	0.0	0.0	0.0
16:51:32	0.0	0.0	1.05	0.0	1.29	0.0	0.0	0.0	0.0	0.0	0.0
16:51:32	0.0	0.0	1.05	0.0	1.29	0.0	0.0	0.0	0.0	0.0	0.0
16:51:32	0.0	0.0	1.06	0.0	1.29	0.0	0.0	0.0	0.0	0.0	0.0
16:51:32	0.0	0.0	1.06	0.0	1.29	0.0	0.0	0.0	0.0	0.0	0.0
16:51:32	0.0	0.0	1.06	0.0	1.29	0.0	0.0	0.0	0.0	0.0	0.0
16:51:33	0.0	0.0	1.06	0.0	1.29	0.0	0.0	0.0	0.0	0.0	0.0
16:51:33	0.0	0.0	1.06	0.0	1.29	0.0	0.0	0.0	0.0	0.0	0.0
16:51:33	0.0	0.0	1.06	0.0	1.3	0.0	0.0	0.0	0.0	0.0	0.0
16:51:33	0.0	0.0	1.05	0.0	1.3	0.0	0.0	0.0	0.0	0.0	0.0
16:51:33	0.0	0.0	1.05	0.0	1.3	0.0	0.0	0.0	0.0	0.0	0.0
16:51:33	0.0	0.0	1.05	0.0	1.3	0.0	0.0	0.0	0.0	0.0	0.0
16:51:33	0.0	0.0	1.05	0.0	1.29	0.0	0.0	0.0	0.0	0.0	0.0
16:51:34	0.0	0.0	1.05	0.0	1.29	0.0	0.0	0.0	0.0	0.0	0.0
16:51:34	0.0	0.0	1.05	0.0	1.28	0.0	0.0	0.0	0.0	0.0	0.0
16:51:34	0.0	0.0	1.05	0.0	1.28	0.0	0.0	0.0	0.0	0.0	0.0
16:51:34	0.0	0.0	1.05	0.0	1.28	0.0	0.0	0.0	0.0	0.0	0.0
16:51:34	0.0	0.0	1.06	0.0	1.28	0.0	0.0	0.0	0.0	0.0	0.0
16:51:34	0.0	0.0	1.06	0.0	1.28	0.0	0.0	0.0	0.0	0.0	0.0
16:51:35	0.0	0.0	1.06	0.0	1.28	0.0	0.0	0.0	0.0	0.0	0.0
16:51:35	0.0	0.0	1.06	0.0	1.29	0.0	0.0	0.0	0.0	0.0	0.0
16:51:35	0.0	0.0	1.06	0.0	1.29	0.0	0.0	0.0	0.0	0.0	0.0
16:51:35	0.0	0.0	1.06	0.0	1.31	0.0	0.0	0.0	0.0	0.0	0.0
16:51:35	0.0	0.0	1.05	0.0	1.31	0.0	0.0	0.0	0.0	0.0	0.0
16:51:35	0.0	0.0	1.05	0.0	1.31	0.0	0.0	0.0	0.0	0.0	0.0
16:51:36	0.0	0.0	1.05	0.0	1.31	0.0	0.0	0.0	0.0	0.0	0.0
16:51:36	0.0	0.0	1.05	0.0	1.31	0.0	0.0	0.0	0.0	0.0	0.0
16:51:36	0.0	0.0	1.05	0.0	1.31	0.0	0.0	0.0	0.0	0.0	0.0
16:51:36	0.0	0.0	1.05	0.0	1.31	0.0	0.0	0.0	0.0	0.0	0.0
16:51:36	0.0	0.0	1.05	0.0	1.31	0.0	0.0	0.0	0.0	0.0	0.0
16:51:36	0.0	0.0	1.05	0.0	1.31	0.0	0.0	0.0	0.0	0.0	0.0
16:51:37	0.0	0.0	1.05	0.0	1.31	0.0	0.0	0.0	0.0	0.0	0.0
16:51:37	0.0	0.0	1.05	0.0	1.31	0.0	0.0	0.0	0.0	0.0	0.0
16:51:37	0.0	0.0	1.05	0.0	1.31	0.0	0.0	0.0	0.0	0.0	0.0
16:51:37	0.0	0.0	1.05	0.0	1.3	0.0	0.0	0.0	0.0	0.0	0.0
16:51:37	0.0	0.0	1.05	0.0	1.3	0.0	0.0	0.0	0.0	0.0	0.0
16:51:37	0.0	0.0	1.05	0.0	1.29	0.0	0.0	0.0	0.0	0.0	0.0
16:51:37	0.0	0.0	1.05	0.0	1.29	0.0	0.0	0.0	0.0	0.0	0.0
16:51:38	0.0	0.0	1.05	0.0	1.29	0.0	0.0	0.0	0.0	0.0	0.0
16:51:38	0.0	0.0	1.04	0.0	1.29	0.0	0.0	0.0	0.0	0.0	0.0
16:51:38	0.0	0.0	1.04	0.0	1.29	0.0	0.0	0.0	0.0	0.0	0.0
16:51:38	0.0	0.0	1.04	0.0	1.29	0.0	0.0	0.0	0.0	0.0	0.0
16:51:38	0.0	0.0	1.04	0.0	1.28	0.0	0.0	0.0	0.0	0.0	0.0
16:51:38	0.0	0.0	1.04	0.0	1.28	0.0	0.0	0.0	0.0	0.0	0.0
16:51:38	0.0	0.0	1.04	0.0	1.27	0.0	0.0	0.0	0.0	0.0	0.0
16:51:39	0.0	0.0	1.04	0.0	1.27	0.0	0.0	0.0	0.0	0.0	0.0
16:51:39	0.0	0.0	1.04	0.0	1.26	0.0	0.0	0.0	0.0	0.0	0.0
16:51:39	0.0	0.0	1.04	0.0	1.26	0.0	0.0	0.0	0.0	0.0	0.0
16:51:39	0.0	0.0	1.04	0.0	1.26	0.0	0.0	0.0	0.0	0.0	0.0
16:51:39	0.0	0.0	1.04	0.0	1.26	0.0	0.0	0.0	0.0	0.0	0.0
16:51:39	0.0	0.0	1.04	0.0	1.26	0.0	0.0	0.0	0.0	0.0	0.0
16:51:40	0.0	0.0	1.03	0.0	1.26	0.0	0.0	0.0	0.0	0.0	0.0
16:51:40	0.0	0.0	1.03	0.0	1.25	0.0	0.0	0.0	0.0	0.0	0.0
16:51:40	0.0	0.0	1.03	0.0	1.25	0.0	0.0	0.0	0.0	0.0	0.0
16:51:40	0.0	0.0	1.03	0.0	1.24	0.0	0.0	0.0	0.0	0.0	0.0
16:51:40	0.0	0.0	1.03	0.0	1.24	0.0	0.0	0.0	0.0	0.0	0.0
16:51:40	0.0	0.0	1.03	0.0	1.24	0.0	0.0	0.0	0.0	0.0	0.0
16:51:41	0.0	0.0	1.03	0.0	1.24	0.0	0.0	0.0	0.0	0.0	0.0
16:51:41	0.0	0.0	1.03	0.0	1.23	0.0	0.0	0.0	0.0	0.0	0.0
16:51:41	0.0	0.0	1.03	0.0	1.23	0.0	0.0	0.0	0.0	0.0	0.0
16:51:41	0.0	0.0	1.03	0.0	1.23	0.0	0.0	0.0	0.0	0.0	0.0
16:51:41	0.0	0.0	1.02	0.0	1.23	0.0	0.0	0.0	0.0	0.0	0.0
16:51:41	0.0	0.0	1.02	0.0	1.23	0.0	0.0	0.0	0.0	0.0	0.0
16:51:42	0.0	0.0	1.02	0.0	1.23	0.0	0.0	0.0	0.0	0.0	0.0
16:51:42	0.0	0.0	1.02	0.0	1.23	0.0	0.0	0.0	0.0	0.0	0.0
16:51:42	0.0	0.0	1.02	0.0	1.23	0.0	0.0	0.0	0.0	0.0	0.0
16:51:42	0.0	0.0	1.02	0.0	1.23	0.0	0.0	0.0	0.0	0.0	0.0
16:51:42	0.0	0.0	1.02	0.0	1.23	0.0	0.0	0.0	0.0	0.0	0.0
16:51:42	0.0	0.0	1.02	0.0	1.22	0.0	0.0	0.0	0.0	0.0	0.0
16:51:43	0.0	0.0	1.02	0.0	1.22	0.0	0.0	0.0	0.0	0.0	0.0
16:51:43	0.0	0.0	1.02	0.0	1.22	0.0	0.0	0.0	0.0	0.0	0.0
16:51:43	0.0	0.0	1.02	0.0	1.22	0.0	0.0	0.0	0.0	0.0	0.0
16:51:43	0.0	0.0	1.02	0.0	1.22	0.0	0.0	0.0	0.0	0.0	0.0
16:51:43	0.0	0.0	1.02	0.0	1.22	0.0	0.0	0.0	0.0	0.0	0.0
16:51:43	0.0	0.0	1.02	0.0	1.21	0.0	0.0	0.0	0.0	0.0	0.0
16:51:43	0.0	0.0	1.01	0.0	1.21	0.0	0.0	0.0	0.0	0.0	0.0
16:51:43	0.0	0.0	1.01	0.0	1.21	0.0	0.0	0.0	0.0	0.0	0.0
16:51:44	0.0	0.0	1.01	0.0	1.21	0.0	0.0	0.0	0.0	0.0	0.0
16:51:44	0.0	0.0	1.01	0.0	1.21	0.0	0.0	0.0	0.0	0.0	0.0
16:51:44	0.0	0.0	1.01	0.0	1.21	0.0	0.0	0.0	0.0	0.0	0.0
16:51:44	0.0	0.0	1.01	0.0	1.2	0.0	0.0	0.0	0.0	0.0	0.0
16:51:44	0.0	0.0	1.02	0.0	1.2	0.0	0.0	0.0	0.0	0.0	0.0
16:51:44	0.0	0.0	1.02	0.0	1.19	0.0	0.0	0.0	0.0	0.0	0.0
16:51:45	0.0	0.0	1.02	0.0	1.19	0.0	0.0	0.0	0.0	0.0	0.0
16:51:45	0.0	0.0	1.02	0.0	1.18	0.0	0.0	0.0	0.0	0.0	0.0
16:51:45	0.0	0.0	1.02	0.0	1.18	0.0	0.0	0.0	0.0	0.0	0.0
16:51:45	0.0	0.0	1.02	0.0	1.18	0.0	0.0	0.0	0.0	0.0	0.0
16:51:45	0.0	0.0	1.02	0.0	1.18	0.0	0.0	0.0	0.0	0.0	0.0
16:51:45	0.0	0.0	1.02	0.0	1.18	0.0	0.0	0.0	0.0	0.0	0.0
16:51:46	0.0	0.0	1.02	0.0	1.18	0.0	0.0	0.0	0.0	0.0	0.0
16:51:46	0.0	0.0	1.02	0.0	1.19	0.0	0.0	0.0	0.0	0.0	0.0
16:51:46	0.0	0.0	1.02	0.0	1.19	0.0	0.0	0.0	0.0	0.0	0.0
16:51:46	0.0	0.0	1.02	0.0	1.2	0.0	0.0	0.0	0.0	0.0	0.0
16:51:46	0.0	0.0	1.02	0.0	1.2	0.0	0.0	0.0	0.0	0.0	0.0
16:51:46	0.0	0.0	1.02	0.0	1.2	0.0	0.0	0.0	0.0	0.0	0.0
16:51:47	0.0	0.0	1.02	0.0	1.2	0.0	0.0	0.0	0.0	0.0	0.0
16:51:47	0.0	0.0	1.02	0.0	1.2	0.0	0.0	0.0	0.0	0.0	0.0
16:51:47	0.0	0.0	1.02	0.0	1.2	0.0	0.0	0.0	0.0	0.0	0.0
16:51:47	0.0	0.0	1.02	0.0	1.2	0.0	0.0	0.0	0.0	0.0	0.0
16:51:47	0.0	0.0	1.02	0.0	1.2	0.0	0.0	0.0	0.0	0.0	0.0
16:51:47	0.0	0.0	1.02	0.0	1.21	0.0	0.0	0.0	0.0	0.0	0.0
16:51:48	0.0	0.0	1.02	0.0	1.21	0.0	0.0	0.0	0.0	0.0	0.0
16:51:48	0.0	0.0	1.02	0.0	1.21	0.0	0.0	0.0	0.0	0.0	0.0
16:51:48	0.0	0.0	1.02	0.0	1.21	0.0	0.0	0.0	0.0	0.0	0.0
16:51:48	0.0	0.0	1.02	0.0	1.22	0.0	0.0	0.0	0.0	0.0	0.0
16:51:48	0.0	0.0	1.02	0.0	1.22	0.0	0.0	0.0	0.0	0.0	0.0
16:51:48	0.0	0.0	1.02	0.0	1.22	0.0	0.0	0.0	0.0	0.0	0.0
16:51:48	0.0	0.0	1.01	0.0	1.22	0.0	0.0	0.0	0.0	0.0	0.0
16:51:48	0.0	0.0	1.01	0.0	1.22	0.0	0.0	0.0	0.0	0.0	0.0
16:51:49	0.0	0.0	1.01	0.0	1.22	0.0	0.0	0.0	0.0	0.0	0.0
16:51:49	0.0	0.0	1.01	0.0	1.22	0.0	0.0	0.0	0.0	0.0	0.0
16:51:49	0.0	0.0	1.01	0.0	1.22	0.0	0.0	0.0	0.0	0.0	0.0
16:51:49	0.0	0.0	1.01	0.0	1.21	0.0	0.0	0.0	0.0	0.0	0.0
16:51:49	0.0	0.0	1.01	0.0	1.21	0.0	0.0	0.0	0.0	0.0	0.0
16:51:49	0.0	0.0	1.01	0.0	1.21	0.0	0.0	0.0	0.0	0.0	0.0
16:51:50	0.0	0.0	1.01	0.0	1.21	0.0	0.0	0.0	0.0	0.0	0.0
16:51:50	0.0	0.0	1.01	0.0	1.21	0.0	0.0	0.0	0.0	0.0	0.0
16:51:50	0.0	0.0	1.01	0.0	1.21	0.0	0.0	0.0	0.0	0.0	0.0
16:51:50	0.0	0.0	1.01	0.0	1.21	0.0	0.0	0.0	0.0	0.0	0.0
16:51:50	0.0	0.0	1.0	0.0	1.21	0.0	0.0	0.0	0.0	0.0	0.0
16:51:50	0.0	0.0	1.0	0.0	1.22	0.0	0.0	0.0	0.0	0.0	0.0
16:51:51	0.0	0.0	1.0	0.0	1.22	0.0	0.0	0.0	0.0	0.0	0.0
16:51:51	0.0	0.0	1.0	0.0	1.22	0.0	0.0	0.0	0.0	0.0	0.0
16:51:51	0.0	0.0	1.0	0.0	1.22	0.0	0.0	0.0	0.0	0.0	0.0
16:51:51	0.0	0.0	1.0	0.0	1.22	0.0	0.0	0.0	0.0	0.0	0.0
16:51:51	0.0	0.0	1.0	0.0	1.22	0.0	0.0	0.0	0.0	0.0	0.0
16:51:51	0.0	0.0	1.0	0.0	1.21	0.0	0.0	0.0	0.0	0.0	0.0
16:51:52	0.0	0.0	1.0	0.0	1.21	0.0	0.0	0.0	0.0	0.0	0.0
16:51:52	0.0	0.0	1.0	0.0	1.21	0.0	0.0	0.0	0.0	0.0	0.0
16:51:52	0.0	0.0	1.01	0.0	1.21	0.0	0.0	0.0	0.0	0.0	0.0
16:51:52	0.0	0.0	1.01	0.0	1.22	0.0	0.0	0.0	0.0	0.0	0.0
16:51:52	0.0	0.0	1.01	0.0	1.22	0.0	0.0	0.0	0.0	0.0	0.0
16:51:52	0.0	0.0	1.01	0.0	1.22	0.0	0.0	0.0	0.0	0.0	0.0
16:51:53	0.0	0.0	1.01	0.0	1.22	0.0	0.0	0.0	0.0	0.0	0.0
16:51:53	0.0	0.0	1.01	0.0	1.22	0.0	0.0	0.0	0.0	0.0	0.0
16:51:53	0.0	0.0	1.01	0.0	1.22	0.0	0.0	0.0	0.0	0.0	0.0
16:51:53	0.0	0.0	1.01	0.0	1.22	0.0	0.0	0.0	0.0	0.0	0.0
16:51:53	0.0	0.0	1.01	0.0	1.22	0.0	0.0	0.0	0.0	0.0	0.0
16:51:53	0.0	0.0	1.01	0.0	1.22	0.0	0.0	0.0	0.0	0.0	0.0
16:51:53	0.0	0.0	1.01	0.0	1.22	0.0	0.0	0.0	0.0	0.0	0.0
16:51:54	0.0	0.0	1.01	0.0	1.23	0.0	0.0	0.0	0.0	0.0	0.0
16:51:54	0.0	0.0	1.0	0.0	1.23	0.0	0.0	0.0	0.0	0.0	0.0
16:51:54	0.0	0.0	1.0	0.0	1.24	0.0	0.0	0.0	0.0	0.0	0.0
16:51:54	0.0	0.0	1.01	0.0	1.24	0.0	0.0	0.0	0.0	0.0	0.0
16:51:54	0.0	0.0	1.01	0.0	1.25	0.0	0.0	0.0	0.0	0.0	0.0
16:51:54	0.0	0.0	1.01	0.0	1.25	0.0	0.0	0.0	0.0	0.0	0.0
16:51:54	0.0	0.0	1.01	0.0	1.25	0.0	0.0	0.0	0.0	0.0	0.0
16:51:55	0.0	0.0	1.02	0.0	1.25	0.0	0.0	0.0	0.0	0.0	0.0
16:51:55	0.0	0.0	1.02	0.0	1.26	0.0	0.0	0.0	0.0	0.0	0.0
16:51:55	0.0	0.0	1.02	0.0	1.26	0.0	0.0	0.0	0.0	0.0	0.0
16:51:55	0.0	0.0	1.02	0.0	1.26	0.0	0.0	0.0	0.0	0.0	0.0
16:51:55	0.0	0.0	1.02	0.0	1.26	0.0	0.0	0.0	0.0	0.0	0.0
16:51:55	0.0	0.0	1.02	0.0	1.25	0.0	0.0	0.0	0.0	0.0	0.0
16:51:56	0.0	0.0	1.03	0.0	1.25	0.0	0.0	0.0	0.0	0.0	0.0
16:51:56	0.0	0.0	1.03	0.0	1.25	0.0	0.0	0.0	0.0	0.0	0.0
16:51:56	0.0	0.0	1.02	0.0	1.25	0.0	0.0	0.0	0.0	0.0	0.0
16:51:56	0.0	0.0	1.02	0.0	1.25	0.0	0.0	0.0	0.0	0.0	0.0
16:51:56	0.0	0.0	1.03	0.0	1.25	0.0	0.0	0.0	0.0	0.0	0.0
16:51:56	0.0	0.0	1.03	0.0	1.26	0.0	0.0	0.0	0.0	0.0	0.0
16:51:57	0.0	0.0	1.03	0.0	1.26	0.0	0.0	0.0	0.0	0.0	0.0
16:51:57	0.0	0.0	1.03	0.0	1.26	0.0	0.0	0.0	0.0	0.0	0.0
16:51:57	0.0	0.0	1.03	0.0	1.26	0.0	0.0	0.0	0.0	0.0	0.0
16:51:57	0.0	0.0	1.03	0.0	1.26	0.0	0.0	0.0	0.0	0.0	0.0
16:51:57	0.0	0.0	1.03	0.0	1.26	0.0	0.0	0.0	0.0	0.0	0.0
16:51:57	0.0	0.0	1.03	0.0	1.27	0.0	0.0	0.0	0.0	0.0	0.0
16:51:58	0.0	0.0	1.03	0.0	1.27	0.0	0.0	0.0	0.0	0.0	0.0
16:51:58	0.0	0.0	1.03	0.0	1.26	0.0	0.0	0.0	0.0	0.0	0.0
16:51:58	0.0	0.0	1.03	0.0	1.26	0.0	0.0	0.0	0.0	0.0	0.0
16:51:58	0.0	0.0	1.03	0.0	1.26	0.0	0.0	0.0	0.0	0.0	0.0
16:51:58	0.0	0.0	1.03	0.0	1.26	0.0	0.0	0.0	0.0	0.0	0.0
16:51:58	0.0	0.0	1.03	0.0	1.26	0.0	0.0	0.0	0.0	0.0	0.0
16:51:58	0.0	0.0	1.03	0.0	1.26	0.0	0.0	0.0	0.0	0.0	0.0
16:51:59	0.0	0.0	1.03	0.0	1.27	0.0	0.0	0.0	0.0	0.0	0.0
16:51:59	0.0	0.0	1.03	0.0	1.27	0.0	0.0	0.0	0.0	0.0	0.0
16:51:59	0.0	0.0	1.03	0.0	1.27	0.0	0.0	0.0	0.0	0.0	0.0
16:51:59	0.0	0.0	1.02	0.0	1.27	0.0	0.0	0.0	0.0	0.0	0.0
16:51:59	0.0	0.0	1.02	0.0	1.27	0.0	0.0	0.0	0.0	0.0	0.0
16:51:59	0.0	0.0	1.02	0.0	1.27	0.0	0.0	0.0	0.0	0.0	0.0
16:51:59	0.0	0.0	1.02	0.0	1.27	0.0	0.0	0.0	0.0	0.0	0.0
16:52:0	0.0	0.0	1.02	0.0	1.27	0.0	0.0	0.0	0.0	0.0	0.0
16:52:0	0.0	0.0	1.02	0.0	1.27	0.0	0.0	0.0	0.0	0.0	0.0
16:52:0	0.0	0.0	1.02	0.0	1.27	0.0	0.0	0.0	0.0	0.0	0.0
16:52:0	0.0	0.0	1.02	0.0	1.27	0.0	0.0	0.0	0.0	0.0	0.0
16:52:0	0.0	0.0	1.02	0.0	1.27	0.0	0.0	0.0	0.0	0.0	0.0
16:52:0	0.0	0.0	1.02	0.0	1.26	0.0	0.0	0.0	0.0	0.0	0.0
16:52:1	0.0	0.0	1.02	0.0	1.26	0.0	0.0	0.0	0.0	0.0	0.0
16:52:1	0.0	0.0	1.02	0.0	1.26	0.0	0.0	0.0	0.0	0.0	0.0
16:52:1	0.0	0.0	1.02	0.0	1.26	0.0	0.0	0.0	0.0	0.0	0.0
16:52:1	0.0	0.0	1.02	0.0	1.25	0.0	0.0	0.0	0.0	0.0	0.0
16:52:1	0.0	0.0	1.01	0.0	1.25	0.0	0.0	0.0	0.0	0.0	0.0
16:52:1	0.0	0.0	1.01	0.0	1.25	0.0	0.0	0.0	0.0	0.0	0.0
16:52:2	0.0	0.0	1.01	0.0	1.25	0.0	0.0	0.0	0.0	0.0	0.0
16:52:2	0.0	0.0	1.01	0.0	1.25	0.0	0.0	0.0	0.0	0.0	0.0
16:52:2	0.0	0.0	1.02	0.0	1.25	0.0	0.0	0.0	0.0	0.0	0.0
16:52:2	0.0	0.0	1.02	0.0	1.25	0.0	0.0	0.0	0.0	0.0	0.0
16:52:2	0.0	0.0	1.02	0.0	1.25	0.0	0.0	0.0	0.0	0.0	0.0
16:52:2	0.0	0.0	1.02	0.0	1.23	0.0	0.0	0.0	0.0	0.0	0.0
16:52:2	0.0	0.0	1.02	0.0	1.23	0.0	0.0	0.0	0.0	0.0	0.0
16:52:3	0.0	0.0	1.02	0.0	1.22	0.0	0.0	0.0	0.0	0.0	0.0
16:52:3	0.0	0.0	1.03	0.0	1.22	0.0	0.0	0.0	0.0	0.0	0.0
16:52:3	0.0	0.0	1.03	0.0	1.23	0.0	0.0	0.0	0.0	0.0	0.0
16:52:3	0.0	0.0	1.03	0.0	1.23	0.0	0.0	0.0	0.0	0.0	0.0
16:52:3	0.0	0.0	1.03	0.0	1.24	0.0	0.0	0.0	0.0	0.0	0.0
16:52:3	0.0	0.0	1.03	0.0	1.24	0.0	0.0	0.0	0.0	0.0	0.0
16:52:3	0.0	0.0	1.03	0.0	1.24	0.0	0.0	0.0	0.0	0.0	0.0
16:52:4	0.0	0.0	1.03	0.0	1.24	0.0	0.0	0.0	0.0	0.0	0.0
16:52:4	0.0	0.0	1.03	0.0	1.23	0.0	0.0	0.0	0.0	0.0	0.0
16:52:4	0.0	0.0	1.03	0.0	1.23	0.0	0.0	0.0	0.0	0.0	0.0
16:52:4	0.0	0.0	1.03	0.0	1.23	0.0	0.0	0.0	0.0	0.0	0.0
16:52:4	0.0	0.0	1.03	0.0	1.23	0.0	0.0	0.0	0.0	0.0	0.0
16:52:4	0.0	0.0	1.03	0.0	1.23	0.0	0.0	0.0	0.0	0.0	0.0
16:52:5	0.0	0.0	1.02	0.0	1.23	0.0	0.0	0.0	0.0	0.0	0.0
16:52:5	0.0	0.0	1.02	0.0	1.23	0.0	0.0	0.0	0.0	0.0	0.0
16:52:5	0.0	0.0	1.02	0.0	1.23	0.0	0.0	0.0	0.0	0.0	0.0
16:52:5	0.0	0.0	1.02	0.0	1.23	0.0	0.0	0.0	0.0	0.0	0.0
16:52:5	0.0	0.0	1.02	0.0	1.23	0.0	0.0	0.0	0.0	0.0	0.0
16:52:5	0.0	0.0	1.02	0.0	1.23	0.0	0.0	0.0	0.0	0.0	0.0
16:52:6	0.0	0.0	1.03	0.0	1.23	0.0	0.0	0.0	0.0	0.0	0.0
16:52:6	0.0	0.0	1.03	0.0	1.24	0.0	0.0	0.0	0.0	0.0	0.0
16:52:6	0.0	0.0	1.03	0.0	1.24	0.0	0.0	0.0	0.0	0.0	0.0
16:52:6	0.0	0.0	1.03	0.0	1.24	0.0	0.0	0.0	0.0	0.0	0.0
16:52:6	0.0	0.0	1.02	0.0	1.24	0.0	0.0	0.0	0.0	0.0	0.0
16:52:6	0.0	0.0	1.02	0.0	1.24	0.0	0.0	0.0	0.0	0.0	0.0
16:52:6	0.0	0.0	1.02	0.0	1.24	0.0	0.0	0.0	0.0	0.0	0.0
16:52:7	0.0	0.0	1.02	0.0	1.23	0.0	0.0	0.0	0.0	0.0	0.0
16:52:7	0.0	0.0	1.02	0.0	1.23	0.0	0.0	0.0	0.0	0.0	0.0
16:52:7	0.0	0.0	1.02	0.0	1.23	0.0	0.0	0.0	0.0	0.0	0.0
16:52:7	0.0	0.0	1.02	0.0	1.23	0.0	0.0	0.0	0.0	0.0	0.0
16:52:7	0.0	0.0	1.02	0.0	1.23	0.0	0.0	0.0	0.0	0.0	0.0
16:52:7	0.0	0.0	1.02	0.0	1.23	0.0	0.0	0.0	0.0	0.0	0.0
16:52:7	0.0	0.0	1.02	0.0	1.23	0.0	0.0	0.0	0.0	0.0	0.0
16:52:8	0.0	0.0	1.02	0.0	1.23	0.0	0.0	0.0	0.0	0.0	0.0
16:52:8	0.0	0.0	1.02	0.0	1.23	0.0	0.0	0.0	0.0	0.0	0.0
16:52:8	0.0	0.0	1.02	0.0	1.23	0.0	0.0	0.0	0.0	0.0	0.0
16:52:8	0.0	0.0	1.02	0.0	1.23	0.0	0.0	0.0	0.0	0.0	0.0
